cast_id,actor_name
1,Debra Brooks
2,Gary Allen
3,Michael Lopez
4,Samantha Diaz
5,Emily Garcia
6,James Nelson
7,Thomas Brooks
8,Kimberly Lee
9,Jeffrey Peterson
10,Jason Bailey
11,Mary Anderson
12,Elizabeth Ruiz
13,Karen Cooper
14,Robert Mitchell
15,Justin Peterson
16,Charles Parker
17,Thomas Garcia
18,Michelle Campbell
19,Jennifer Rivera
20,Anthony Mendoza
21,Ashley Bennett
22,Susan Rivera
23,Brenda Evans
24,Helen Martin
25,Donald Lee
26,Daniel Evans
27,Patricia Thompson
28,Kevin Evans
29,Christine Young
30,Paul Lee
31,Rachel Wilson
32,Edward Jones
33,Jacob Lewis
34,Betty Collins
35,Brian Flores
36,Sandra Lewis
37,Patricia James
38,Matthew Phillips
39,Kevin Scott
40,William Scott
41,Brian Chavez
42,Angela Phillips
43,Frank Morgan
44,Kevin Brown
45,Joseph King
46,Daniel Howard
47,Kimberly Jones
48,Susan Kim
49,Sharon Hall
50,Kenneth Parker
51,Nicole Rogers
52,Joseph Roberts
53,Pamela Harris
54,Steven Garcia
55,Sharon Smith
56,Eric Morgan
57,Debra Bennett
58,Betty Campbell
59,Sharon Rodriguez
60,Christine Nelson
61,Helen Green
62,Gregory Thomas
63,Joshua Cook
64,Michelle Bennett
65,Timothy Adams
66,Dorothy Hughes
67,Donna Peterson
68,Thomas Harris
69,Rebecca Bennett
70,Edward Gray
71,Daniel Ward
72,Larry Hill
73,Dorothy Peterson
74,James Hill
75,Andrew Clark
76,Sharon Howard
77,Nicole Wood
78,Carol Reyes
79,Jeffrey Cruz
80,Frank Ramirez
81,Angela Stewart
82,Nancy James
83,David Torres
84,Angela James
85,Samantha Richardson
86,Kevin Lopez
87,Donald Gray
88,Michelle Lewis
89,Betty Jackson
90,Patricia Garcia
91,Brandon Martinez
92,Ryan Turner
93,Benjamin Kelly
94,Matthew Hughes
95,Stephanie Murphy
96,Dorothy Young
97,Charles Wood
98,Alexander Smith
99,Susan Diaz
100,Mark Thompson
101,Rachel Gutierrez
102,Cynthia Miller
103,Brenda Young
104,Jessica Collins
105,Sarah Reyes
106,Christine Ortiz
107,Brenda Kim
108,Kenneth Cruz
109,Brandon Cook
110,Jason Peterson
111,Laura Lee
112,Jacob Edwards
113,Kimberly Young
114,Samantha Scott
115,Eric Morales
116,Benjamin Walker
117,Emily Cruz
118,Elizabeth Torres
119,Donald Wright
120,Kevin Green
121,Anna Hernandez
122,Sarah Martin
123,Sandra Roberts
124,Alexander Martin
125,Margaret Rodriguez
126,Rebecca Evans
127,Kevin Cooper
128,Cynthia Turner
129,Linda Clark
130,Rebecca Roberts
131,Justin Hughes
132,John Kelly
133,Edward Morris
134,James Rivera
135,Joshua Roberts
136,Rebecca Morgan
137,Anna Cox
138,Mark Morales
139,Mark Wright
140,Sharon Morales
141,Patricia Roberts
142,Amanda Bennett
143,Frank Phillips
144,Nancy Reyes
145,Thomas Richardson
146,Jonathan Brown
147,Ronald Ramos
148,Larry James
149,Patricia Hernandez
150,Samuel Diaz
151,Lisa Miller
152,Kimberly Carter
153,Carol Ramirez
154,Ryan Adams
155,Amanda Carter
156,Emily Turner
157,Steven Hernandez
158,Jacob Williams
159,Anna Miller
160,Brian Lewis
161,Katherine Rodriguez
162,Katherine Garcia
163,Patricia Young
164,Betty Williams
165,Donald Taylor
166,Jacob Bennett
167,Joseph Reed
168,Margaret Reyes
169,Rachel Allen
170,Deborah Perez
171,Nicole Cox
172,Joseph Lee
173,Michelle Wilson
174,Justin Brown
175,Michelle Kelly
176,Frank Carter
177,Ronald Sanchez
178,Elizabeth Ramos
179,Alexander Watson
180,Ashley Wilson
181,Rachel Hill
182,Debra Kim
183,Jessica Reed
184,Jennifer Hall
185,Jonathan Diaz
186,Gregory Mitchell
187,William Cook
188,Mary Turner
189,Gary Wilson
190,Sharon Campbell
191,Samantha Collins
192,Karen Parker
193,Daniel Gutierrez
194,Katherine Wright
195,Brandon Morgan
196,Kathleen Reyes
197,Sharon Ramos
198,Paul Adams
199,Ashley Lopez
200,Emily Edwards
201,Ashley Reyes
202,Larry Ward
203,Christine Carter
204,Amanda Brown
205,Amy Adams
206,Lisa Morales
207,Margaret Rivera
208,Kimberly Baker
209,Emily Kim
210,Rachel Scott
211,Brenda Johnson
212,Eric Harris
213,David Walker
214,Timothy Morales
215,Brenda Walker
216,Alexander Stewart
217,Samuel Morales
218,Laura Williams
219,Barbara Nguyen
220,Mark Phillips
221,Alexander Young
222,Michelle James
223,Justin Mitchell
224,Shirley Hall
225,Kevin Rivera
226,Rachel Collins
227,Paul Flores
228,Steven Robinson
229,Jessica Harris
230,Kenneth Thomas
231,Jonathan Ruiz
232,Lisa Harris
233,Margaret Morris
234,Emily Ramos
235,Shirley Kim
236,Andrew Gonzalez
237,Sandra Campbell
238,Daniel Hill
239,Mary Morgan
240,Thomas Scott
241,Jennifer Miller
242,Rachel Taylor
243,Samantha Morales
244,Susan Johnson
245,Pamela Torres
246,Jacob Morris
247,Jeffrey Baker
248,Steven Morris
249,Joseph Rodriguez
250,Dorothy Morales
251,Elizabeth Kelly
252,Benjamin Mendoza
253,Michael Martin
254,Karen Reed
255,Joshua Hernandez
256,Ashley Thomas
257,Brenda Turner
258,Nicole Kim
259,Helen Lewis
260,Eric Carter
261,Laura Cruz
262,Joshua Ramos
263,Jason Flores
264,Larry Richardson
265,Linda Ward
266,Richard Clark
267,Benjamin Ramirez
268,Kimberly James
269,David Lee
270,Donald Thompson
271,Stephen Martinez
272,Christopher Smith
273,Timothy Edwards
274,Alexander Kim
275,Jacob Nguyen
276,Robert Robinson
277,Andrew Torres
278,Elizabeth Mendoza
279,Sandra King
280,Benjamin Ramos
281,Gregory Sanchez
282,Jason Anderson
283,Anna Lewis
284,Samuel Martin
285,Paul Jackson
286,Elizabeth Davis
287,Nancy Flores
288,Scott Reed
289,Andrew Cruz
290,Jessica Reyes
291,Alexander Hill
292,Rachel Phillips
293,Paul Cook
294,Anna Murphy
295,Jeffrey Hernandez
296,Scott Garcia
297,Sharon Adams
298,Nicole Allen
299,Sandra Gray
300,Pamela Ramos
301,John Gray
302,Paul Kelly
303,Jennifer Thompson
304,Jacob Gutierrez
305,Katherine Cruz
306,Emily White
307,Justin Parker
308,Barbara Stewart
309,Brian Evans
310,Kevin Adams
311,Christine Wilson
312,Christopher Nelson
313,Timothy Ruiz
314,Amy Torres
315,Gregory Phillips
316,Stephen Jones
317,Ryan Lopez
318,Kenneth Allen
319,Carol Anderson
320,Dorothy Rogers
321,James James
322,Anna Reyes
323,Timothy Miller
324,Matthew Gutierrez
325,George Richardson
326,Amy Watson
327,Jeffrey Miller
328,Anthony Wright
329,Stephen Taylor
330,Rachel Morales
331,Jessica Brown
332,Benjamin Cox
333,Michelle Peterson
334,Mary Peterson
335,Timothy Lopez
336,Mark Anderson
337,Cynthia Thomas
338,Amy Nguyen
339,Angela Wright
340,Rebecca Morris
341,Jacob Young
342,Ryan Peterson
343,Charles Roberts
344,Matthew Kim
345,Angela Moore
346,Rebecca Baker
347,Nicholas Wright
348,James Torres
349,Justin James
350,Laura Morgan
351,Kathleen Hall
352,Kevin Peterson
353,Anna Carter
354,Donald Kelly
355,Stephanie Robinson
356,Timothy Garcia
357,Kenneth Stewart
358,Edward Roberts
359,Gregory Wood
360,Karen Murphy
361,Robert Taylor
362,Nicholas Ramos
363,Kevin Gonzalez
364,Jeffrey Gonzalez
365,Shirley Collins
366,Mary Jackson
367,Timothy Wood
368,Karen Martinez
369,Jacob King
370,Amanda Richardson
371,Alexander Gomez
372,Katherine Hernandez
373,Kevin Gray
374,Jonathan Carter
375,Kenneth Watson
376,Gary Cooper
377,Robert Richardson
378,William Walker
379,Andrew Robinson
380,Barbara Parker
381,Richard Brooks
382,Richard Cruz
383,Nancy Ruiz
384,Joshua Brown
385,Jennifer Adams
386,Linda Nguyen
387,Melissa Mitchell
388,Sharon Jackson
389,Ashley Ortiz
390,Timothy Reed
391,Debra White
392,Nancy Thompson
393,David Ward
394,Edward Richardson
395,Debra Walker
396,Amy Howard
397,Charles Robinson
398,Cynthia Brooks
399,Steven Collins
400,Steven Bennett
401,Mary Reyes
402,Andrew Gray
403,Anna Lee
404,Brian Ramos
405,Jason Ruiz
406,Joshua Sanchez
407,Stephanie Morris
408,Susan Walker
409,Edward Kelly
410,Melissa Kelly
411,Donna Hughes
412,Donna Williams
413,Gregory Gomez
414,Emily Johnson
415,Larry Mendoza
416,Michael Cox
417,Sandra Cox
418,Melissa Lewis
419,Samantha Harris
420,Helen Allen
421,Frank James
422,Debra Moore
423,Benjamin Gonzalez
424,Benjamin Chavez
425,Jennifer Flores
426,Jeffrey Jones
427,Justin Campbell
428,Thomas Lopez
429,Donna Adams
430,Rebecca Thompson
431,Betty Taylor
432,Anna Campbell
433,Shirley Cook
434,Paul Perez
435,Donna Baker
436,Joseph Reyes
437,Elizabeth Jackson
438,Mark Gray
439,Frank Gomez
440,Brenda Campbell
441,Barbara Gomez
442,Mary King
443,Ryan Mitchell
444,Frank Gray
445,Kimberly Howard
446,Edward Brooks
447,Deborah Wilson
448,Frank Robinson
449,Jacob Brown
450,Helen Bailey
451,Carol Ward
452,Mark Chavez
453,William Brooks
454,Cynthia Hughes
455,Joshua Wood
456,Timothy Anderson
457,Sarah Garcia
458,Robert Hill
459,Amy Anderson
460,Richard Walker
461,Jonathan Moore
462,Stephanie Collins
463,Deborah Bennett
464,Rebecca Ramos
465,Karen Turner
466,Katherine Gonzalez
467,Gary Ward
468,Timothy Scott
469,Robert Ruiz
470,Deborah Ramirez
471,Donald Campbell
472,Richard Mendoza
473,Deborah Cooper
474,Samuel Rivera
475,Linda Gomez
476,Emily Harris
477,Barbara James
478,Margaret Chavez
479,Samantha Kim
480,John Miller
481,Kevin Young
482,Thomas Reed
483,Anthony Rodriguez
484,Stephen Clark
485,Emma Ramirez
486,Sandra Nelson
487,Charles Kim
488,James Scott
489,Charles Taylor
490,Anna Allen
491,Daniel Anderson
492,Gregory Brown
493,Thomas Johnson
494,Melissa Walker
495,Emma Adams
496,John Thompson
497,Kimberly Miller
498,Thomas Turner
499,Shirley Anderson
500,William Stewart
501,Laura Campbell
502,Angela Ramos
503,Susan Edwards
504,Nicholas Lewis
505,Brandon Garcia
506,Gregory Gutierrez
507,Joshua Collins
508,Samuel Brown
509,Linda Morris
510,Dorothy Diaz
511,Debra Wilson
512,Gary Cruz
513,Elizabeth Hernandez
514,Carol Cox
515,Charles Rodriguez
516,Helen Brooks
517,Carol Carter
518,Scott Ortiz
519,Donna Collins
520,Sharon Gonzalez
521,Rachel Anderson
522,Katherine Wood
523,Stephen Ramirez
524,Sharon Edwards
525,Sandra Evans
526,Amanda Collins
527,Dorothy Turner
528,Richard Green
529,Jason Green
530,Christine Allen
531,Deborah Martin
532,Debra Stewart
533,William Lopez
534,David Lopez
535,Deborah Taylor
536,Brenda Davis
537,Emma Bailey
538,Brenda Nelson
539,Christine Thomas
540,Timothy Rivera
541,Christine Diaz
542,Michael Torres
543,Scott Flores
544,Melissa Wilson
545,Pamela Cook
546,Margaret Martin
547,Gregory Morris
548,Mark Wilson
549,Brian Bailey
550,Deborah Anderson
551,Emily Kelly
552,Mark Diaz
553,Brenda Richardson
554,Brandon Gray
555,Samuel Bailey
556,Patricia Cox
557,Gregory Ruiz
558,Paul Brown
559,Lisa Wright
560,Rachel Flores
561,Amanda Hall
562,James White
563,Charles Reed
564,William Jackson
565,Samantha Brown
566,Barbara Ortiz
567,Margaret Carter
568,Rebecca Collins
569,Amanda Lee
570,Deborah Flores
571,Carol Reed
572,Scott Hernandez
573,Christopher Richardson
574,David Wright
575,Jeffrey James
576,Jason Morales
577,Nicole Cruz
578,Rebecca Wright
579,Margaret Rogers
580,Joseph Hall
581,Sharon Anderson
582,Frank Ramos
583,Gary Ortiz
584,Christine Flores
585,Jennifer Lewis
586,Ronald Kim
587,Linda Smith
588,Anthony Hill
589,Margaret Moore
590,Steven Nguyen
591,Carol Thomas
592,James Murphy
593,Sharon Thompson
594,Thomas Carter
595,Jonathan Robinson
596,Nicholas Bailey
597,Christine Rivera
598,Elizabeth Gomez
599,Jennifer Parker
600,John Collins
601,Elizabeth Green
602,Pamela Diaz
603,Pamela Phillips
604,Samantha Turner
605,Donna Anderson
606,Dorothy Williams
607,Carol Perez
608,Helen Collins
609,Alexander Campbell
610,Dorothy Ortiz
611,David Gomez
612,Michelle Baker
613,Mark Nelson
614,Nancy Martinez
615,Angela Brooks
616,Joseph Ortiz
617,Angela Harris
618,Brian Hall
619,Samuel Jackson
620,Donald Wilson
621,Charles Allen
622,Betty Thompson
623,Nicole Martin
624,Katherine Martinez
625,Daniel Watson
626,Amy Reyes
627,Larry Howard
628,Laura Mendoza
629,Larry Chavez
630,Carol Watson
631,Kenneth Martin
632,Jeffrey Rodriguez
633,Jacob Cruz
634,Benjamin Hill
635,Linda Rivera
636,Nicholas Martinez
637,Michelle Reyes
638,Laura Jones
639,Linda Mitchell
640,Andrew Martinez
641,Samuel Lopez
642,Brandon Kim
643,Nicholas Roberts
644,Cynthia Howard
645,Stephen Garcia
646,Laura Kelly
647,Katherine Harris
648,Jacob Cook
649,Karen Davis
650,Laura Wilson
651,Amanda Hernandez
652,Nicholas Chavez
653,Daniel Garcia
654,Ashley Cruz
655,Jeffrey Ortiz
656,Eric Ward
657,Christopher Campbell
658,Deborah Torres
659,Stephanie Evans
660,Amanda Gray
661,Scott Miller
662,Kevin Rodriguez
663,Brenda Gray
664,Stephanie Torres
665,Steven James
666,Kevin Hernandez
667,Charles Hall
668,Michelle Wood
669,Rachel James
670,Ronald Taylor
671,Michelle Bailey
672,Edward Chavez
673,Kevin Taylor
674,Christine Hughes
675,Debra Ortiz
676,Barbara Chavez
677,Angela Campbell
678,John Campbell
679,Michelle White
680,Gary Harris
681,Mark Moore
682,Donna Gonzalez
683,Nicholas Cooper
684,Shirley Jones
685,Gregory Baker
686,Helen Taylor
687,Scott Carter
688,Karen Lee
689,Lisa Ruiz
690,Helen Perez
691,Jeffrey Garcia
692,Timothy Campbell
693,Jeffrey Ward
694,Andrew Edwards
695,Sandra Morgan
696,Donald Flores
697,Jacob Harris
698,Deborah Gray
699,Pamela Cruz
700,Cynthia Torres
701,Edward Cook
702,Shirley Turner
703,Christopher Sanchez
704,Nicole Moore
705,Steven Miller
706,Samuel Morris
707,Deborah Peterson
708,Susan Gutierrez
709,Jessica Torres
710,Paul Edwards
711,Angela Jackson
712,Sharon Lopez
713,Mark Edwards
714,Brian Brown
715,Rebecca Miller
716,Ronald Cook
717,Deborah Walker
718,Stephanie Hernandez
719,Deborah Lewis
720,Patricia Green
721,Richard Wood
722,Kevin Jackson
723,Sarah Jones
724,Andrew Stewart
725,Rachel Moore
726,Brandon Smith
727,David Williams
728,Steven Ramirez
729,Karen Peterson
730,Nicole Ortiz
731,Andrew Walker
732,Joshua Thomas
733,Michael Walker
734,Rebecca Brooks
735,William Anderson
736,Amy Kim
737,Jonathan Williams
738,Benjamin Rogers
739,Pamela Walker
740,Charles Nguyen
741,Jason Smith
742,Brandon Rivera
743,Rebecca White
744,Christine Bennett
745,David Ortiz
746,George Rodriguez
747,Shirley Cooper
748,Nicholas Cook
749,Stephen Williams
750,Stephanie Stewart
751,Jennifer Brooks
752,Stephanie Mitchell
753,Steven Williams
754,Melissa Rodriguez
755,Brian Walker
756,Gregory Watson
757,Susan Howard
758,Kevin Moore
759,Anna Baker
760,Samuel Thompson
761,Debra Reyes
762,Rachel Morris
763,Benjamin White
764,Sarah Rodriguez
765,Ryan Jones
766,Donna Sanchez
767,Jennifer Sanchez
768,Jennifer Green
769,Michelle Rogers
770,Ronald Cooper
771,Jacob Allen
772,Robert Chavez
773,Matthew Torres
774,Melissa Miller
775,Katherine Nelson
776,Paul Thomas
777,Deborah Parker
778,Dorothy Cruz
779,Stephanie Baker
780,Lisa Murphy
781,Alexander Murphy
782,Deborah Gutierrez
783,Paul Hernandez
784,Jason Hernandez
785,Sharon Cox
786,Lisa Cooper
787,Susan Hernandez
788,Carol James
789,Donna Flores
790,Laura Cox
791,Jason Perez
792,Alexander Cruz
793,Brian Edwards
794,Brandon Parker
795,Emily Brooks
796,Linda Martinez
797,Christine Brooks
798,Dorothy Campbell
799,Angela Gray
800,Christopher Brown
801,Charles Cox
802,Frank Cruz
803,Samuel Campbell
804,George Roberts
805,Larry Jones
806,Frank Edwards
807,Deborah Mitchell
808,Jeffrey Martinez
809,Pamela Moore
810,Shirley Campbell
811,Ronald Green
812,Katherine Scott
813,Ashley Anderson
814,Patricia White
815,Amy Gutierrez
816,Stephanie Bailey
817,Jessica King
818,Kimberly Edwards
819,Margaret Ward
820,Andrew Ruiz
821,Gary Sanchez
822,Jessica Moore
823,Elizabeth Edwards
824,Daniel Cruz
825,Barbara Mendoza
826,Kenneth Bennett
827,Stephen Cooper
828,Donna Hill
829,Samantha Thompson
830,George Rogers
831,Mark Thomas
832,Betty Moore
833,Donald Murphy
834,Patricia Campbell
835,Stephen Kelly
836,Deborah Reyes
837,Brandon Lopez
838,William Flores
839,Ronald Morris
840,Shirley Evans
841,Timothy Kelly
842,Elizabeth Taylor
843,Kenneth Chavez
844,Cynthia Mendoza
845,Eric Hall
846,Thomas Peterson
847,Samantha Ramos
848,Lisa Taylor
849,Sharon Cook
850,Linda Thomas
851,Eric Martin
852,Joshua Perez
853,Christopher Adams
854,Mark Hall
855,Eric Torres
856,David Allen
857,Betty Brooks
858,Stephen Scott
859,Thomas Watson
860,Jonathan Lopez
861,Nancy Ramos
862,Justin Martin
863,Helen Cox
864,Amanda Reed
865,Jennifer Brown
866,David Garcia
867,Samuel Kelly
868,Kimberly Wood
869,Anthony Kelly
870,Rebecca Richardson
871,Anna Nguyen
872,Kathleen Young
873,Debra Phillips
874,Linda Lee
875,Jeffrey Turner
876,Anthony Baker
877,Nicole Jackson
878,Kenneth Green
879,Brian Phillips
880,Thomas Mitchell
881,Angela Bailey
882,Susan Green
883,Donald Reyes
884,Jessica Wright
885,Laura Young
886,Charles Gonzalez
887,Michael Nguyen
888,Stephanie Ward
889,Rebecca Young
890,Pamela Green
891,Matthew Lee
892,Amy Rogers
893,Cynthia Murphy
894,Michelle Murphy
895,John Lopez
896,Ryan Walker
897,Margaret Howard
898,Katherine Gray
899,Jacob Torres
900,Jonathan Johnson
901,Susan Parker
902,George Phillips
903,George Garcia
904,Dorothy Miller
905,Larry Bailey
906,Matthew Campbell
907,Stephen Torres
908,Elizabeth Roberts
909,Nicholas Edwards
910,Helen Mendoza
911,Brandon Thomas
912,Thomas Gonzalez
913,Ronald Mitchell
914,Amanda Bailey
915,George Jackson
916,Betty Cox
917,Nicholas Garcia
918,Jennifer Jones
919,Sarah Nelson
920,Ryan Martin
921,Sarah Adams
922,Brandon Green
923,Christopher Gomez
924,Brandon Hill
925,Emma Baker
926,Nicholas Rogers
927,Jonathan Morales
928,Deborah Nelson
929,Frank Anderson
930,Rebecca Howard
931,Michelle Ruiz
932,Benjamin Brown
933,Scott Stewart
934,Justin Kelly
935,Sandra Miller
936,Nancy Ortiz
937,Edward Jackson
938,Debra Young
939,Robert Kelly
940,Matthew Williams
941,Jeffrey Green
942,Rebecca Martin
943,Anthony Evans
944,Nicholas Ward
945,Jacob Davis
946,Sarah Gutierrez
947,Anthony Bailey
948,Kathleen Ortiz
949,Edward Green
950,Daniel Collins
951,Jonathan Baker
952,Anna Rivera
953,Frank Mendoza
954,Samuel Ruiz
955,Kimberly Ward
956,Kathleen Harris
957,Ashley Scott
958,Brenda Hill
959,Mark Hill
960,Alexander Morales
961,Kenneth Morris
962,Emily Torres
963,Jessica Kelly
964,Edward Gomez
965,Brian Jackson
966,Donna Garcia
967,Andrew Hernandez
968,Brian Cruz
969,Katherine Allen
970,Kathleen Ramirez
971,Betty Morgan
972,Paul Bailey
973,Rachel Wright
974,Brandon Ramos
975,Donald Young
976,Michael Bennett
977,Shirley Lewis
978,Samantha Robinson
979,Michael Gonzalez
980,Timothy Nelson
981,Jacob Gonzalez
982,James Peterson
983,Christopher Evans
984,Katherine Stewart
985,Kathleen Wood
986,Betty Torres
987,Carol Torres
988,Samuel Davis
989,Barbara Wood
990,Pamela Robinson
991,Jonathan Jones
992,Daniel Turner
993,Daniel Jones
994,Ronald Murphy
995,Lisa Nguyen
996,Robert Johnson
997,Joshua Reed
998,Nicole Wilson
999,Kevin Torres
1000,Ryan Chavez
1001,Amy Moore
1002,Nicholas Reyes
1003,Paul Harris
1004,Joseph Nelson
1005,Christopher Collins
1006,Samuel Allen
1007,Lisa Johnson
1008,Amanda Nguyen
1009,Larry Gray
1010,Matthew Thompson
1011,Brandon Brooks
1012,Angela Adams
1013,Barbara Phillips
1014,Christine Gonzalez
1015,Lisa Moore
1016,Kathleen Adams
1017,Ashley Smith
1018,Kimberly Roberts
1019,Donald Edwards
1020,Paul Nelson
1021,Joshua Howard
1022,Pamela Johnson
1023,George Ruiz
1024,Cynthia Flores
1025,Christopher Phillips
1026,Debra Cook
1027,Jessica Brooks
1028,Donna Mitchell
1029,Brandon Lewis
1030,Kathleen Martin
1031,Ryan Cox
1032,Deborah Turner
1033,Rachel Peterson
1034,Jacob Morgan
1035,Christine Ramirez
1036,Ashley Mendoza
1037,Shirley Edwards
1038,Elizabeth Reed
1039,Joseph Davis
1040,Stephen Cook
1041,Betty Kelly
1042,Jonathan Martin
1043,Nancy Adams
1044,Eric Cruz
1045,Anthony Howard
1046,Gary Lopez
1047,Angela Edwards
1048,Linda Collins
1049,Thomas Rogers
1050,Larry Davis
1051,Brenda Reyes
1052,Frank Flores
1053,John Gomez
1054,Steven Smith
1055,Elizabeth Garcia
1056,Jason Hall
1057,Rachel Rodriguez
1058,Anna Davis
1059,Robert Torres
1060,Timothy White
1061,Sarah Chavez
1062,Samuel Turner
1063,Deborah Carter
1064,Laura Carter
1065,Debra James
1066,Anna Moore
1067,Katherine Hall
1068,Jessica Thompson
1069,Jonathan Gomez
1070,Shirley Taylor
1071,Mark Smith
1072,John Hill
1073,Cynthia Gray
1074,Anna Diaz
1075,Sandra Young
1076,Ryan Hall
1077,Karen Scott
1078,Matthew Anderson
1079,Robert James
1080,Rebecca Ward
1081,John Walker
1082,Richard Kim
1083,Robert Edwards
1084,Scott Gray
1085,Michael Young
1086,Jennifer Phillips
1087,Jeffrey Robinson
1088,Anna Ramirez
1089,Linda Moore
1090,Nicholas Nguyen
1091,Sandra Kelly
1092,Kenneth Kelly
1093,Carol Walker
1094,Joshua Jackson
1095,Mark Evans
1096,Joshua Scott
1097,Linda Bailey
1098,Emma Thompson
1099,Benjamin Gray
1100,Amy Miller
1101,Shirley Green
1102,Rachel Turner
1103,Timothy Martin
1104,Joshua Carter
1105,Lisa Morgan
1106,Jacob Walker
1107,Charles Reyes
1108,Timothy Turner
1109,Brenda Ortiz
1110,Sarah Roberts
1111,Ashley Allen
1112,Anthony Nelson
1113,Samuel Hernandez
1114,Laura Mitchell
1115,Barbara Morgan
1116,Matthew Miller
1117,Paul Carter
1118,Frank Cox
1119,Nicole Garcia
1120,Elizabeth Harris
1121,Emma Bennett
1122,Brenda Ramirez
1123,Kathleen Clark
1124,Kevin Hill
1125,Mary Ramirez
1126,Matthew Thomas
1127,Rachel Cox
1128,Anthony Gomez
1129,Donald Peterson
1130,Edward Reyes
1131,Jonathan Wood
1132,Melissa Flores
1133,Kimberly Campbell
1134,Angela Murphy
1135,Cynthia Gonzalez
1136,Jacob Green
1137,Anthony Mitchell
1138,Kenneth Evans
1139,Jennifer Reed
1140,Mark Jackson
1141,John King
1142,Stephen Howard
1143,Justin Turner
1144,Donna Martin
1145,Betty Nelson
1146,Sandra Carter
1147,Amy Peterson
1148,Katherine Mendoza
1149,Amanda Allen
1150,Gary Chavez
1151,Gary Collins
1152,Nancy Rivera
1153,Nancy Moore
1154,Anna Morales
1155,Elizabeth Bennett
1156,Michael Smith
1157,Timothy Moore
1158,Benjamin Robinson
1159,William Martin
1160,Nicholas Collins
1161,Deborah Davis
1162,Christine Ward
1163,Kathleen James
1164,Gary Williams
1165,James Morgan
1166,Stephen Evans
1167,Mary Williams
1168,Shirley Scott
1169,Jonathan Torres
1170,John Cook
1171,Rachel Gray
1172,Susan Gonzalez
1173,Shirley Martin
1174,Donald Harris
1175,Helen Ortiz
1176,Steven Rivera
1177,Paul Gomez
1178,David Mitchell
1179,Dorothy Collins
1180,Rachel Lewis
1181,Joshua Mendoza
1182,David Wood
1183,Katherine Jones
1184,Edward Carter
1185,Stephen Stewart
1186,Linda Brooks
1187,Mary Hughes
1188,Nancy Hernandez
1189,Amy Parker
1190,Samuel Nelson
1191,Shirley Garcia
1192,Sandra Ramirez
1193,Alexander Reed
1194,Jacob Wright
1195,Jennifer Martinez
1196,Debra Scott
1197,Anna Reed
1198,Gregory Jones
1199,Daniel Green
1200,John Clark
1201,Emma Jackson
1202,Ronald Martinez
1203,Joshua Lee
1204,Larry Walker
1205,Larry Roberts
1206,Kevin Roberts
1207,Sarah Ruiz
1208,David Cook
1209,Brian Miller
1210,Richard Parker
1211,Sandra Martinez
1212,Amanda Cox
1213,Ronald Adams
1214,Patricia Brooks
1215,Gary Robinson
1216,Melissa Peterson
1217,Edward Parker
1218,Lisa Mendoza
1219,Helen Nguyen
1220,Ashley Martinez
1221,Karen Carter
1222,Samantha Martin
1223,Stephanie Green
1224,George Wilson
1225,Barbara Smith
1226,Michelle Cruz
1227,George Wright
1228,Susan Taylor
1229,Barbara White
1230,Brenda Bailey
1231,Angela Evans
1232,Susan Brown
1233,Barbara Rivera
1234,Stephen Lopez
1235,Scott Kim
1236,Carol Roberts
1237,Mary Nguyen
1238,Timothy Roberts
1239,David Bailey
1240,Ashley Kelly
1241,Eric Perez
1242,Debra Carter
1243,Paul Hill
1244,Paul Murphy
1245,Nancy Parker
1246,Joshua Morris
1247,Elizabeth Campbell
1248,Steven Young
1249,Benjamin Murphy
1250,Scott Ward
1251,Susan Moore
1252,Joshua Smith
1253,Ronald Nelson
1254,Helen Carter
1255,Kevin Cruz
1256,Kevin Parker
1257,Katherine Kim
1258,Sarah Hill
1259,Alexander Sanchez
1260,Kathleen Green
1261,Daniel Gomez
1262,Kenneth Nguyen
1263,Alexander Brooks
1264,Gary Kelly
1265,Ashley Adams
1266,Edward Scott
1267,Ronald Campbell
1268,Betty Ramos
1269,Anna White
1270,Debra Peterson
1271,Patricia Reyes
1272,Anthony Cruz
1273,Donna Ruiz
1274,William Evans
1275,Frank Murphy
1276,Sarah Brooks
1277,Joshua Walker
1278,Karen Diaz
1279,Edward Martinez
1280,Laura Kim
1281,Kathleen Howard
1282,Dorothy Morgan
1283,Nicholas Ruiz
1284,Rebecca Cooper
1285,Robert Campbell
1286,Rachel Morgan
1287,Scott Brooks
1288,David Wilson
1289,Ashley James
1290,Nancy Chavez
1291,Frank Chavez
1292,Dorothy Nelson
1293,Sharon Wilson
1294,Mary Gonzalez
1295,Kimberly Lewis
1296,Angela Gutierrez
1297,Brenda Howard
1298,Alexander Kelly
1299,Deborah Gomez
1300,Emma Ruiz
1301,Nicholas Martin
1302,Kathleen Wilson
1303,Donna Turner
1304,David Anderson
1305,Ryan Clark
1306,Eric Morris
1307,Brian Stewart
1308,Rachel Edwards
1309,Kenneth Rodriguez
1310,Joshua Garcia
1311,Joseph Williams
1312,Amanda Chavez
1313,Susan Gray
1314,Nancy Young
1315,Eric Thompson
1316,Stephen Lee
1317,Kevin Bailey
1318,Jason Reyes
1319,Sandra Phillips
1320,Lisa Brooks
1321,Ronald Brown
1322,Brandon Sanchez
1323,Jason Roberts
1324,James Ramirez
1325,Anthony Scott
1326,William Kelly
1327,Susan Morgan
1328,Lisa Campbell
1329,Carol Sanchez
1330,Ryan Anderson
1331,Kimberly Bennett
1332,Samantha Green
1333,Scott Roberts
1334,Brandon Gomez
1335,Emma Anderson
1336,Brian Rivera
1337,Daniel Gray
1338,Emma Hernandez
1339,Frank Moore
1340,Joseph White
1341,Deborah Ruiz
1342,Charles Rogers
1343,Stephanie Turner
1344,Scott Moore
1345,Pamela Roberts
1346,Jason White
1347,Gary Brooks
1348,Brenda Perez
1349,Gary Torres
1350,Sarah White
1351,Kenneth Edwards
1352,Helen Miller
1353,Melissa Johnson
1354,Gary Moore
1355,Matthew Roberts
1356,Brenda Cook
1357,Timothy Mendoza
1358,Gary Turner
1359,Jeffrey Morales
1360,Larry Brown
1361,Mark Nguyen
1362,Robert Scott
1363,Mark Morgan
1364,Andrew Perez
1365,Ryan Reed
1366,Angela Anderson
1367,Pamela Anderson
1368,Paul Cooper
1369,George Cooper
1370,Jennifer Cruz
1371,Jason Wilson
1372,Katherine Young
1373,Joshua Jones
1374,Laura King
1375,Brian Lopez
1376,Jeffrey Thomas
1377,Donald Clark
1378,Brian Ward
1379,Benjamin Diaz
1380,Nancy Ward
1381,Sarah Clark
1382,Anthony Davis
1383,Larry Hall
1384,Jonathan Scott
1385,Scott Morgan
1386,Donna Nguyen
1387,Pamela Wright
1388,Richard Moore
1389,Timothy Davis
1390,Emily Wood
1391,Thomas Hughes
1392,Thomas Young
1393,Charles Adams
1394,Ashley Gray
1395,Ronald Morales
1396,Charles Kelly
1397,Benjamin Wright
1398,Benjamin Turner
1399,Edward Edwards
1400,Elizabeth Brooks
1401,Angela Scott
1402,Alexander Mitchell
1403,Ryan Morales
1404,Carol Howard
1405,James Lopez
1406,Ryan Brooks
1407,Margaret Diaz
1408,Margaret Murphy
1409,Andrew Baker
1410,Gary Baker
1411,Debra Miller
1412,Jennifer Gonzalez
1413,Benjamin Collins
1414,John Thomas
1415,Christopher Cruz
1416,Jason Sanchez
1417,Alexander Taylor
1418,Katherine Hill
1419,Christopher Scott
1420,George Allen
1421,Christine Wood
1422,Nancy Miller
1423,Ronald Watson
1424,Michelle Hughes
1425,Sandra Diaz
1426,Katherine Lopez
1427,Richard Smith
1428,Eric Mendoza
1429,Jeffrey Johnson
1430,Amanda Thomas
1431,Thomas Morris
1432,Elizabeth Robinson
1433,Stephanie Lopez
1434,Susan Wilson
1435,Kenneth Mitchell
1436,Joshua Moore
1437,Edward Moore
1438,Samuel Gray
1439,Shirley Reed
1440,Mary Ward
1441,Katherine Perez
1442,Jeffrey Hall
1443,Margaret Watson
1444,Karen Evans
1445,Brandon Mendoza
1446,Jeffrey Ramirez
1447,Barbara Gonzalez
1448,Sarah Thomas
1449,Emma Roberts
1450,Brian Diaz
1451,Kenneth Moore
1452,Ashley Peterson
1453,Nicole Torres
1454,Alexander Brown
1455,Gregory Hill
1456,Anthony Gutierrez
1457,Matthew Gomez
1458,Donna Chavez
1459,Amy Roberts
1460,Joseph Walker
1461,Amy Brooks
1462,Scott Martinez
1463,Shirley Johnson
1464,George Green
1465,Thomas Roberts
1466,Larry Turner
1467,Debra Thompson
1468,Jacob Martinez
1469,William Johnson
1470,Kimberly Ramirez
1471,Jennifer Davis
1472,Andrew Watson
1473,Nicholas Turner
1474,Dorothy Hernandez
1475,Samantha Morgan
1476,Jonathan Ward
1477,David Flores
1478,David Rogers
1479,Anthony Martin
1480,Jonathan Adams
1481,Samantha Wood
1482,Debra Chavez
1483,Rachel Parker
1484,Ryan Ward
1485,Nicole Davis
1486,Gregory Thompson
1487,Jessica Johnson
1488,Sarah Hughes
1489,Mary Lee
1490,Amy Hall
1491,Eric Gutierrez
1492,Kimberly Perez
1493,Patricia Nelson
1494,Jason Wright
1495,Shirley Rodriguez
1496,Kimberly Kelly
1497,Benjamin Martinez
1498,Amy Collins
1499,Linda Murphy
1500,Larry Perez
1501,Steven Wilson
1502,Pamela Gray
1503,Joseph Robinson
1504,Angela Smith
1505,Jennifer Johnson
1506,Ashley Garcia
1507,Jacob Campbell
1508,Stephanie Martin
1509,Stephen Wood
1510,Carol Young
1511,Rebecca Green
1512,Paul Martinez
1513,Pamela Mitchell
1514,Jessica Cook
1515,Frank Miller
1516,Daniel Lewis
1517,Eric Garcia
1518,Dorothy Rodriguez
1519,Michelle Adams
1520,Barbara Peterson
1521,Ryan Johnson
1522,Deborah Sanchez
1523,Donna Reed
1524,Joshua Richardson
1525,Deborah Ramos
1526,Amy Sanchez
1527,Anna Young
1528,Karen Smith
1529,Timothy Brown
1530,Sandra Cooper
1531,Brian Brooks
1532,Alexander Johnson
1533,Kevin Smith
1534,Gregory Carter
1535,Anthony Ortiz
1536,Donald Turner
1537,Gary Davis
1538,Charles Scott
1539,Barbara Garcia
1540,Sandra Gutierrez
1541,Timothy Hughes
1542,Deborah Collins
1543,David Howard
1544,Richard Cook
1545,Emma Reed
1546,Linda Parker
1547,Gregory Taylor
1548,Donald Nguyen
1549,Kimberly Green
1550,Ronald Hughes
1551,Carol Green
1552,Laura Wright
1553,Justin Wilson
1554,Karen Wilson
1555,Nancy Edwards
1556,Cynthia Green
1557,Timothy Thomas
1558,Jonathan Rivera
1559,Anthony Edwards
1560,Kimberly Thomas
1561,Barbara Lee
1562,Debra Hill
1563,Jennifer Ramirez
1564,Carol Jackson
1565,Barbara Young
1566,Melissa Gomez
1567,Angela Miller
1568,Frank Hill
1569,Kimberly Thompson
1570,Patricia Phillips
1571,Laura Bailey
1572,Stephen Young
1573,Richard Reyes
1574,Linda Lewis
1575,Thomas Sanchez
1576,Dorothy Mitchell
1577,Debra Watson
1578,Justin Ramos
1579,Kimberly Martinez
1580,John Rodriguez
1581,Betty Chavez
1582,Jeffrey Taylor
1583,Barbara Nelson
1584,Jessica Garcia
1585,Nancy Kelly
1586,Sharon Gomez
1587,Amy Brown
1588,Edward Mendoza
1589,Jason Thompson
1590,Melissa Ramirez
1591,Karen Jones
1592,Brandon Richardson
1593,Brandon Young
1594,Samuel Nguyen
1595,Amy Evans
1596,Stephen Morris
1597,Linda Lopez
1598,Emily Roberts
1599,Sarah Turner
1600,Shirley Young
1601,Benjamin Cooper
1602,John Carter
1603,Melissa Morris
1604,Brian Reed
1605,Nicholas Adams
1606,Stephanie Wright
1607,Lisa Brown
1608,Kenneth Kim
1609,Mark Brown
1610,Emily Davis
1611,Jacob Ortiz
1612,Melissa Howard
1613,Sandra Lee
1614,Richard Young
1615,Gregory Walker
1616,Paul Morgan
1617,Melissa Thompson
1618,Daniel Walker
1619,Emma Green
1620,Rachel Rivera
1621,Emma Brown
1622,Larry Reed
1623,Matthew Murphy
1624,Anna Flores
1625,Daniel Morales
1626,Robert Lopez
1627,Linda Robinson
1628,Nicole Lewis
1629,John Ortiz
1630,Kathleen Smith
1631,Kevin Ward
1632,Amanda Thompson
1633,John Jackson
1634,George Martinez
1635,Deborah James
1636,Richard Baker
1637,Joshua Adams
1638,Sarah Lee
1639,Sharon Brooks
1640,Gary Wood
1641,Kenneth Thompson
1642,Brenda Ruiz
1643,Mark Bennett
1644,Edward Flores
1645,Alexander Nguyen
1646,Thomas Thompson
1647,James Hughes
1648,Pamela Gomez
1649,Lisa Cox
1650,Kenneth Ward
1651,Mark Brooks
1652,Larry Wilson
1653,Amy Jackson
1654,Kevin Martinez
1655,Donald Hall
1656,Kenneth Perez
1657,Samantha Lopez
1658,Kevin Edwards
1659,Anthony Young
1660,Alexander Rodriguez
1661,Brian Allen
1662,Susan Smith
1663,Michael Roberts
1664,Amy Carter
1665,Brian Cooper
1666,Kathleen Kelly
1667,Mark Lee
1668,Laura Martinez
1669,Robert Nguyen
1670,John Green
1671,Kimberly Wilson
1672,Elizabeth Baker
1673,Nancy Carter
1674,Christopher Martinez
1675,Amanda Kim
1676,Brandon Morris
1677,Patricia Parker
1678,Nicole Parker
1679,Christopher Miller
1680,Richard Nelson
1681,Anthony Harris
1682,Andrew Hill
1683,Donald Gonzalez
1684,Michael Gomez
1685,Pamela Peterson
1686,Michael Campbell
1687,James Diaz
1688,Scott Morris
1689,Betty Gonzalez
1690,Patricia Clark
1691,Nancy Brooks
1692,Donna Hernandez
1693,Jacob Anderson
1694,Michelle Gomez
1695,Jacob Morales
1696,Gregory King
1697,Anna Roberts
1698,Lisa Mitchell
1699,Edward Mitchell
1700,Lisa Edwards
1701,Jennifer King
1702,Jeffrey Reyes
1703,Paul Reed
1704,Linda Martin
1705,Rachel Bennett
1706,Richard Hernandez
1707,Christine Hall
1708,Anna Evans
1709,Emma Robinson
1710,Stephen Davis
1711,Stephanie Gutierrez
1712,Jacob Hill
1713,Robert Cook
1714,Pamela Gutierrez
1715,Helen Jackson
1716,Jessica Edwards
1717,Daniel Perez
1718,Margaret Harris
1719,Debra Parker
1720,Betty Watson
1721,Ronald Peterson
1722,Carol Scott
1723,Eric Collins
1724,Helen Ramos
1725,Eric Turner
1726,Joseph Turner
1727,Karen Jackson
1728,Larry Ramos
1729,Justin Gonzalez
1730,Susan Reed
1731,Richard Torres
1732,Jonathan Hall
1733,Timothy King
1734,Stephanie Wood
1735,Nicole Stewart
1736,Robert Thompson
1737,Emily Phillips
1738,Charles Richardson
1739,Nicole Mendoza
1740,Alexander Phillips
1741,Robert Gomez
1742,Kevin Ruiz
1743,Donald Miller
1744,Deborah Williams
1745,Amanda Hill
1746,Michelle Scott
1747,Gary Hughes
1748,Debra Gonzalez
1749,Sandra Moore
1750,Joshua Cruz
1751,Carol Wright
1752,Rebecca Cox
1753,Matthew Cruz
1754,Margaret Evans
1755,Gary Gutierrez
1756,Angela Lee
1757,Nicholas Phillips
1758,Sarah Ortiz
1759,Daniel Harris
1760,Betty Davis
1761,Ashley Jones
1762,Ryan Miller
1763,George Sanchez
1764,Emily Mitchell
1765,Cynthia Cook
1766,Ronald Brooks
1767,Jessica Mendoza
1768,Patricia Walker
1769,Deborah Morales
1770,Scott Edwards
1771,Daniel Stewart
1772,Emma Peterson
1773,Christopher King
1774,Alexander Lopez
1775,Andrew Brown
1776,Stephanie Miller
1777,Christopher Kelly
1778,Margaret Lewis
1779,Samuel Lewis
1780,Frank Clark
1781,Paul Wood
1782,Timothy Rogers
1783,John Mendoza
1784,Mary Stewart
1785,Thomas Chavez
1786,Daniel Kim
1787,Mary Lewis
1788,Steven Cox
1789,Michelle Chavez
1790,Emily Diaz
1791,Edward Hall
1792,Ryan Allen
1793,Joshua Gray
1794,Eric Richardson
1795,Ronald Howard
1796,Deborah Bailey
1797,Samuel Kim
1798,Susan Morris
1799,Matthew Martin
1800,Eric Walker
1801,Linda Kim
1802,Dorothy James
1803,Kenneth Mendoza
1804,Sarah Brown
1805,Donna King
1806,Rebecca Phillips
1807,Stephanie Jones
1808,Matthew Baker
1809,Jonathan Brooks
1810,Melissa Cook
1811,Gregory Bailey
1812,Richard Stewart
1813,Thomas King
1814,Brenda White
1815,Debra Nelson
1816,Mark Rivera
1817,Mark Flores
1818,Rebecca Nelson
1819,Deborah King
1820,Justin Nguyen
1821,Jacob Miller
1822,Samantha Howard
1823,Justin Richardson
1824,Elizabeth Stewart
1825,Matthew Cook
1826,Edward Ortiz
1827,Joshua Evans
1828,Sarah Sanchez
1829,Amanda Evans
1830,Larry Collins
1831,Charles Green
1832,Lisa Hernandez
1833,Gary Nelson
1834,Benjamin Thompson
1835,Kenneth Brooks
1836,Laura Scott
1837,Anthony Perez
1838,Pamela Lee
1839,Thomas Ward
1840,Jason Phillips
1841,Jason Morris
1842,Stephanie Smith
1843,Robert Morgan
1844,Betty Mitchell
1845,Mary Adams
1846,Shirley Harris
1847,James Watson
1848,Alexander Hall
1849,Michelle Taylor
1850,Susan Roberts
1851,Michelle Perez
1852,William Garcia
1853,Joshua Nguyen
1854,Ryan Gutierrez
1855,Amanda Parker
1856,Amanda Morales
1857,Melissa Harris
1858,Nancy Phillips
1859,John Robinson
1860,Mark Taylor
1861,Margaret Williams
1862,Emma Cook
1863,Nancy Thomas
1864,George Wood
1865,Robert Carter
1866,Samantha Allen
1867,Jonathan Richardson
1868,Michael Kim
1869,Michael James
1870,Susan Wood
1871,Alexander Anderson
1872,Rebecca Cruz
1873,Edward Thomas
1874,Stephen Allen
1875,Jacob Hughes
1876,Karen Clark
1877,Alexander Mendoza
1878,Benjamin Johnson
1879,Joshua Turner
1880,Gregory Gonzalez
1881,Paul Richardson
1882,Nicole Hughes
1883,Susan Rogers
1884,Helen Thomas
1885,Andrew Anderson
1886,Susan Murphy
1887,Betty King
1888,Eric Sanchez
1889,Melissa Evans
1890,Donna Lee
1891,Jennifer Peterson
1892,Amy Clark
1893,Alexander Morris
1894,Kevin Walker
1895,James Johnson
1896,Christine Lopez
1897,Joseph Kelly
1898,Christine Murphy
1899,Karen Lopez
1900,Angela Martinez
1901,Richard Allen
1902,Samuel Robinson
1903,Ryan Nguyen
1904,Kimberly Reyes
1905,Donna Campbell
1906,Frank Green
1907,Richard Garcia
1908,Mary Moore
1909,Gregory Chavez
1910,Nancy Nelson
1911,Melissa Cruz
1912,Helen Wright
1913,Barbara Mitchell
1914,Amanda White
1915,Joseph Phillips
1916,Paul Roberts
1917,Rebecca Wood
1918,Nancy Anderson
1919,Susan Turner
1920,Emma Morris
1921,Jeffrey White
1922,Brandon Carter
1923,Melissa Ward
1924,Patricia Mendoza
1925,Gary Anderson
1926,Timothy Cruz
1927,Jennifer Rodriguez
1928,Kenneth Johnson
1929,Frank Ortiz
1930,Pamela Reed
1931,Amanda Gutierrez
1932,Eric Ruiz
1933,Rachel Richardson
1934,Gregory Young
1935,Gregory Gray
1936,Samuel Roberts
1937,Karen Bailey
1938,Brandon Miller
1939,Mary Chavez
1940,Christopher Cook
1941,Jacob Murphy
1942,Gary Adams
1943,Donald Nelson
1944,Emily Miller
1945,Stephen Chavez
1946,Edward Phillips
1947,Donald Hernandez
1948,Ryan Cruz
1949,Pamela Edwards
1950,Barbara Murphy
1951,Laura Green
1952,Jessica Murphy
1953,Katherine Williams
1954,Susan Phillips
1955,Timothy Jones
1956,Brenda Peterson
1957,Nicole Richardson
1958,Samantha Hill
1959,Anthony Wood
1960,Christine Collins
1961,Amanda Campbell
1962,Michael Lewis
1963,Ryan Nelson
1964,Gregory Campbell
1965,Laura Anderson
1966,Richard James
1967,Amanda Rivera
1968,Samantha Nguyen
1969,Stephen Gutierrez
1970,Deborah Hughes
1971,Susan Garcia
1972,Nancy Murphy
1973,Sarah Evans
1974,Susan Allen
1975,Ronald Ramirez
1976,Ryan Harris
1977,Amanda Wilson
1978,Rebecca Garcia
1979,Samantha Gray
1980,Emma Thomas
1981,Laura Collins
1982,Gregory Ramos
1983,Nicholas Moore
1984,Amy Smith
1985,Shirley Miller
1986,Stephen Parker
1987,Angela Thompson
1988,Alexander Howard
1989,Daniel Taylor
1990,Gregory Kim
1991,Nicole Adams
1992,Emily Gomez
1993,Laura Moore
1994,Angela Hill
1995,Kenneth Peterson
1996,Betty Clark
1997,Debra Hall
1998,Frank Taylor
1999,Katherine Thompson
2000,Melissa Bailey
2001,Pamela Bennett
2002,Rebecca Gray
2003,Jason Johnson
2004,Eric Wilson
2005,Patricia Carter
2006,Charles Miller
2007,Christine Davis
2008,Betty Wright
2009,Christopher Torres
2010,Debra Allen
2011,Charles Davis
2012,Anthony Cooper
2013,Robert Rivera
2014,Brenda Lewis
2015,Stephanie Walker
2016,Angela Hughes
2017,Christine Miller
2018,Rebecca Mendoza
2019,Michael Johnson
2020,Steven Sanchez
2021,Helen Cruz
2022,Samuel Mitchell
2023,Emma Cooper
2024,Nicole Sanchez
2025,Laura Thompson
2026,Debra Martinez
2027,Lisa Thompson
2028,Angela Thomas
2029,Edward Garcia
2030,Jason Scott
2031,Brenda King
2032,Thomas Lee
2033,Justin Allen
2034,Cynthia Martin
2035,Jennifer Martin
2036,Carol Kim
2037,Michael Watson
2038,Brandon James
2039,Joshua Morales
2040,Melissa Martinez
2041,Kenneth Ortiz
2042,Mark White
2043,Eric Rodriguez
2044,Nicholas Lee
2045,Jonathan Phillips
2046,Barbara Hall
2047,Mark Ramirez
2048,Gregory Nelson
2049,Kevin Campbell
2050,Donna Ramirez
2051,Jacob Bailey
2052,Katherine Johnson
2053,Joseph Bennett
2054,Donald Chavez
2055,Debra Adams
2056,Edward Anderson
2057,Stephanie Allen
2058,Anna Torres
2059,Patricia Gutierrez
2060,Deborah Rogers
2061,Gary Garcia
2062,Donna Wood
2063,Matthew Adams
2064,Richard Perez
2065,Jonathan Morgan
2066,William Clark
2067,Christine Watson
2068,Margaret Mendoza
2069,Anthony Morgan
2070,Debra Martin
2071,Patricia Collins
2072,Kevin Jones
2073,Barbara Martinez
2074,Michael Thompson
2075,Steven Bailey
2076,Laura Watson
2077,Dorothy Parker
2078,Kenneth Williams
2079,Stephanie Gray
2080,Jessica Morgan
2081,James Chavez
2082,Helen Rodriguez
2083,Justin Garcia
2084,Rachel Martinez
2085,Susan Nguyen
2086,Nicole Lopez
2087,Jacob Lee
2088,Jonathan Lewis
2089,Sarah Gomez
2090,Samantha Jackson
2091,Brenda Jackson
2092,James Kelly
2093,Scott Gomez
2094,Jonathan Peterson
2095,Anthony Hall
2096,Samuel Rogers
2097,Charles Lee
2098,Lisa Lewis
2099,Brandon Allen
2100,Lisa Bennett
2101,Larry Miller
2102,Stephen Reyes
2103,Samuel Peterson
2104,Elizabeth Nguyen
2105,Christine Rodriguez
2106,Steven Gonzalez
2107,Betty Howard
2108,Melissa Taylor
2109,Andrew Richardson
2110,William Harris
2111,Kenneth Morales
2112,Laura Nelson
2113,James Green
2114,Samuel Parker
2115,Emily Campbell
2116,Sarah Gray
2117,Kevin Morris
2118,Cynthia Edwards
2119,Gary Peterson
2120,Susan Thompson
2121,Samuel Cox
2122,David Scott
2123,Sarah Morgan
2124,Elizabeth Williams
2125,Nicholas Watson
2126,Patricia Howard
2127,Robert Peterson
2128,Kimberly Cooper
2129,Anna Stewart
2130,Katherine Martin
2131,George Gomez
2132,Mark Ramos
2133,Donna Moore
2134,Angela Lopez
2135,Nicholas Johnson
2136,Nancy Rogers
2137,Sarah Edwards
2138,Christopher Thompson
2139,Gregory Jackson
2140,Kathleen Rivera
2141,William King
2142,Deborah Robinson
2143,Jennifer Bennett
2144,Jacob Collins
2145,Jennifer Garcia
2146,Katherine Adams
2147,Daniel Carter
2148,Katherine Carter
2149,George Ramos
2150,Eric Allen
2151,Edward Lewis
2152,Eric Phillips
2153,Nicole Smith
2154,Jeffrey Perez
2155,Angela Chavez
2156,Emily Ramirez
2157,Karen White
2158,Nicole Thomas
2159,Gregory Robinson
2160,Joseph Morris
2161,Frank Morris
2162,Emma Lee
2163,Samuel Evans
2164,John Young
2165,Jennifer Taylor
2166,Christopher Moore
2167,Jennifer Kelly
2168,Lisa Gutierrez
2169,Dorothy Kim
2170,Larry Brooks
2171,John James
2172,Margaret Edwards
2173,Kathleen Perez
2174,Scott Jackson
2175,Justin White
2176,Helen James
2177,Angela King
2178,Nancy Mendoza
2179,Scott Ramos
2180,William Robinson
2181,Thomas Wilson
2182,John Sanchez
2183,Eric Cook
2184,Debra Turner
2185,Karen Cox
2186,Richard Thompson
2187,Jacob Ward
2188,Scott Jones
2189,Jonathan Cook
2190,Jessica Lopez
2191,Thomas Cox
2192,Anna Smith
2193,Frank Wood
2194,Sharon Gutierrez
2195,Rebecca Mitchell
2196,Jennifer Hughes
2197,Shirley Diaz
2198,Sandra Morris
2199,Emma Hughes
2200,Pamela Gonzalez
2201,Jason Moore
2202,Sandra Hernandez
2203,Andrew Kim
2204,Steven Harris
2205,James Smith
2206,Jessica Gutierrez
2207,James Carter
2208,Katherine Clark
2209,Alexander Green
2210,Susan Martin
2211,Jason Wood
2212,Kimberly Morgan
2213,Jason Reed
2214,George Ward
2215,Emily Mendoza
2216,Ronald Clark
2217,Timothy Peterson
2218,Brenda Morris
2219,Daniel Mitchell
2220,Kathleen Allen
2221,Brian Gomez
2222,Sarah James
2223,Jessica Robinson
2224,Laura Hughes
2225,Christopher Gonzalez
2226,Stephen Ward
2227,Michael Lee
2228,Stephanie Brooks
2229,Charles Stewart
2230,Scott Parker
2231,Barbara Rodriguez
2232,Deborah Hernandez
2233,Nicole Jones
2234,Stephanie Phillips
2235,Brandon Wood
2236,Scott Davis
2237,Daniel Brooks
2238,Amy Cruz
2239,Mary Sanchez
2240,Andrew Harris
2241,Robert Kim
2242,Rachel Robinson
2243,Brandon Perez
2244,Frank Jones
2245,George Walker
2246,Katherine Smith
2247,Christopher Lopez
2248,Melissa Bennett
2249,Ronald Phillips
2250,Emma Sanchez
2251,Eric Johnson
2252,Emily Lewis
2253,Nicole Harris
2254,Ryan Phillips
2255,Pamela Smith
2256,Timothy Cook
2257,Susan Bailey
2258,Elizabeth Cook
2259,Joseph Rogers
2260,Steven Morgan
2261,Pamela Allen
2262,Edward Reed
2263,Debra Collins
2264,Kathleen Anderson
2265,Kimberly Rodriguez
2266,Melissa Gutierrez
2267,Rachel King
2268,Ashley Torres
2269,Frank Baker
2270,Elizabeth Peterson
2271,Kenneth Rivera
2272,Margaret Kelly
2273,Paul White
2274,Debra Harris
2275,Donald Walker
2276,Kimberly Clark
2277,Sandra Sanchez
2278,Ashley Richardson
2279,Melissa Martin
2280,Susan Thomas
2281,David Gray
2282,Gregory Murphy
2283,Anna Garcia
2284,Kathleen Mitchell
2285,Amy Kelly
2286,Emily Morales
2287,Lisa Rogers
2288,Mark Kelly
2289,Thomas Miller
2290,Kathleen Cooper
2291,Ryan Thomas
2292,Mary Gray
2293,Anthony Carter
2294,Carol Campbell
2295,Brandon King
2296,Lisa Peterson
2297,Kimberly Walker
2298,Paul Stewart
2299,Brandon Baker
2300,George White
2301,Amy Diaz
2302,Anthony Turner
2303,Rachel Mitchell
2304,Lisa Kelly
2305,Debra Robinson
2306,Richard Wright
2307,Donald Bailey
2308,Sharon Carter
2309,Karen Stewart
2310,Mary Thompson
2311,Rebecca Murphy
2312,Sarah Watson
2313,Joshua Allen
2314,Brenda Reed
2315,Richard Ruiz
2316,Margaret Allen
2317,Jacob Watson
2318,Richard Edwards
2319,Kevin King
2320,George Campbell
2321,Steven Hall
2322,John Evans
2323,Jessica Hall
2324,Pamela Wood
2325,Katherine Morgan
2326,Daniel Torres
2327,Melissa Adams
2328,Frank Rogers
2329,Gary Edwards
2330,David Carter
2331,Brandon Torres
2332,Cynthia Watson
2333,Charles Perez
2334,Samantha Baker
2335,Rebecca Watson
2336,Brandon Kelly
2337,Dorothy Martinez
2338,Amanda Robinson
2339,Katherine Nguyen
2340,Paul Cox
2341,Samuel Gomez
2342,Paul Cruz
2343,Eric Edwards
2344,Timothy Perez
2345,Lisa Williams
2346,Thomas Walker
2347,Gregory Allen
2348,Rachel Hernandez
2349,Ronald Wilson
2350,Richard Rodriguez
2351,Michael Brown
2352,Ronald Ortiz
2353,Kimberly Richardson
2354,Karen Hernandez
2355,Katherine Roberts
2356,Michelle Robinson
2357,Jeffrey Watson
2358,Thomas Taylor
2359,Shirley Perez
2360,Patricia Jones
2361,Gregory Rivera
2362,Carol Stewart
2363,Cynthia Cooper
2364,Paul Peterson
2365,Jeffrey Moore
2366,Daniel Ramos
2367,Scott Collins
2368,Benjamin Brooks
2369,Larry Parker
2370,Shirley Brooks
2371,Michelle Hall
2372,Sandra Lopez
2373,Jeffrey Flores
2374,George Evans
2375,Kimberly Martin
2376,Joshua Johnson
2377,James Gutierrez
2378,Sarah Hall
2379,Kathleen Hill
2380,Mary Parker
2381,Donna Kim
2382,Sandra Smith
2383,Stephen Mitchell
2384,Matthew Evans
2385,Brenda Parker
2386,Ronald Young
2387,Christopher Chavez
2388,Stephanie Carter
2389,Mark King
2390,David Diaz
2391,Paul Evans
2392,Helen Edwards
2393,Paul Hughes
2394,Helen Morales
2395,John Martin
2396,Michael Morgan
2397,John White
2398,Susan Torres
2399,Paul Taylor
2400,Karen Johnson
2401,Amy Ramirez
2402,Amanda Turner
2403,Rachel Jones
2404,Elizabeth Cooper
2405,Jacob White
2406,Matthew Allen
2407,Edward Johnson
2408,Jessica Young
2409,Stephanie Cruz
2410,Richard Gutierrez
2411,Christine Clark
2412,Jacob Roberts
2413,Debra Flores
2414,Carol Lee
2415,Benjamin Garcia
2416,Jessica Allen
2417,Kathleen Brooks
2418,George Miller
2419,Samantha Parker
2420,Carol Johnson
2421,Nancy Scott
2422,Justin Thomas
2423,Mary Garcia
2424,Justin Ruiz
2425,Jacob Ruiz
2426,Scott Martin
2427,Deborah Lopez
2428,Debra Richardson
2429,Amanda Watson
2430,Linda Davis
2431,Melissa Chavez
2432,Karen Hughes
2433,Jonathan Wilson
2434,Thomas Morales
2435,Sandra Green
2436,Brenda Chavez
2437,Alexander Carter
2438,Melissa Moore
2439,Brenda Nguyen
2440,Anna Hughes
2441,Larry White
2442,Anna Hall
2443,William Ortiz
2444,Karen Edwards
2445,Samantha Cook
2446,Edward White
2447,John Richardson
2448,Donald Adams
2449,William James
2450,Jonathan Roberts
2451,Matthew Ortiz
2452,Debra Murphy
2453,Carol Evans
2454,Samuel Adams
2455,Joseph Gonzalez
2456,Eric James
2457,Robert Sanchez
2458,Susan Morales
2459,Matthew Gonzalez
2460,Gregory Morales
2461,Shirley Richardson
2462,Rachel Ramos
2463,Nicole Martinez
2464,Mary Clark
2465,Katherine Morales
2466,David Reyes
2467,Samantha Davis
2468,George Bailey
2469,Paul Ortiz
2470,Joshua Martinez
2471,Margaret Gutierrez
2472,Stephanie Harris
2473,Larry Watson
2474,Daniel Bailey
2475,Susan Brooks
2476,Pamela Rivera
2477,Frank Collins
2478,Nancy White
2479,Stephen Phillips
2480,Nicholas Baker
2481,Gregory Lee
2482,Jonathan Kim
2483,Jeffrey Rivera
2484,Carol Mitchell
2485,Timothy Brooks
2486,Nicole Walker
2487,Larry Cooper
2488,George Edwards
2489,Laura Gomez
2490,James Jones
2491,John Gutierrez
2492,Alexander Scott
2493,Stephen Rogers
2494,Brenda Kelly
2495,Pamela Martin
2496,Richard Jones
2497,Ryan Rivera
2498,Karen Moore
2499,Justin Young
2500,Sandra Allen
2501,Joshua Lopez
2502,Larry Ramirez
2503,Elizabeth Adams
2504,Kathleen Thompson
2505,Gary Ruiz
2506,Rachel Kelly
2507,Linda Nelson
2508,Brian Parker
2509,Rebecca Thomas
2510,Sandra Wood
2511,Nicole Johnson
2512,Samantha Watson
2513,Edward Miller
2514,Michelle Ortiz
2515,Karen Adams
2516,Nicholas Hughes
2517,Mark Martin
2518,Ronald Edwards
2519,Scott Kelly
2520,Nicholas Lopez
2521,Mark Parker
2522,Donna Gomez
2523,Jacob Kelly
2524,Michael Peterson
2525,Dorothy King
2526,David Phillips
2527,Nicholas Parker
2528,Sarah Morris
2529,Brenda Sanchez
2530,Gary Gomez
2531,Katherine Kelly
2532,Betty Bailey
2533,Brandon Ortiz
2534,Ashley Young
2535,Elizabeth Wright
2536,Debra Kelly
2537,Barbara Anderson
2538,Christine Evans
2539,Jason Campbell
2540,Brian Harris
2541,Carol Hall
2542,Scott Wood
2543,Patricia Flores
2544,Nancy Hall
2545,Brandon Cruz
2546,Debra Mitchell
2547,Joseph Miller
2548,Charles Torres
2549,Mary Baker
2550,Michelle Edwards
2551,Kevin Clark
2552,Jonathan Ramirez
2553,Eric King
2554,Alexander Hughes
2555,Christine Williams
2556,Edward Howard
2557,Gregory Ortiz
2558,Jennifer Allen
2559,Nancy Davis
2560,Andrew Sanchez
2561,Paul Miller
2562,Cynthia Wood
2563,Mary Rodriguez
2564,Stephanie James
2565,Paul James
2566,Susan Williams
2567,Edward Rogers
2568,Gary Kim
2569,Lisa Sanchez
2570,Brenda Williams
2571,Jennifer Young
2572,Shirley Flores
2573,Kevin Morales
2574,Ronald Lee
2575,John Hall
2576,Debra Rivera
2577,Melissa Watson
2578,Nicholas Scott
2579,Linda Watson
2580,Steven Roberts
2581,Karen Baker
2582,Ronald James
2583,Sarah Lopez
2584,Edward Gutierrez
2585,Frank Ward
2586,Sandra Turner
2587,Michelle Cox
2588,Anna Taylor
2589,Sarah Howard
2590,Anna Mendoza
2591,Shirley Moore
2592,Katherine Reed
2593,Christopher Green
2594,William Bailey
2595,Lisa Green
2596,Charles Brown
2597,Timothy Hill
2598,Jeffrey Brooks
2599,Matthew Wilson
2600,Thomas White
2601,Patricia Ward
2602,Brandon Wright
2603,Nicole Reed
2604,Brandon Robinson
2605,Scott Robinson
2606,Sandra Mendoza
2607,Patricia Rivera
2608,David Ruiz
2609,Kathleen Moore
2610,Jacob Wood
2611,Deborah White
2612,Stephanie Morales
2613,Jacob Moore
2614,Christopher Harris
2615,Mark Jones
2616,Timothy Johnson
2617,William Thompson
2618,Carol Collins
2619,Ashley Diaz
2620,Dorothy Garcia
2621,Nicole Carter
2622,Kenneth Gomez
2623,Shirley Chavez
2624,Robert Gutierrez
2625,Ryan Garcia
2626,Ashley Gutierrez
2627,Jennifer Bailey
2628,Benjamin Miller
2629,Jeffrey Gomez
2630,Joshua Torres
2631,Cynthia Perez
2632,Jason Nguyen
2633,Alexander Gutierrez
2634,Samuel Edwards
2635,Barbara Cook
2636,Ronald Evans
2637,Carol Edwards
2638,Ryan Ramos
2639,Barbara Allen
2640,Carol Ruiz
2641,Katherine Lee
2642,Joseph Edwards
2643,Stephanie Rogers
2644,Brandon Lee
2645,Edward Peterson
2646,Charles Thompson
2647,Michael Turner
2648,Michelle Flores
2649,Laura Torres
2650,Jessica Taylor
2651,Betty Smith
2652,Mary Collins
2653,Amy Murphy
2654,Nicole Murphy
2655,Donald Ramirez
2656,Emma James
2657,David Kim
2658,Scott Smith
2659,Emily Richardson
2660,Benjamin Bailey
2661,Anthony Miller
2662,Lisa Jackson
2663,Linda Wood
2664,Brian Jones
2665,Charles Jones
2666,Christine Kelly
2667,Nicole Hill
2668,Michael Wilson
2669,Christopher Gray
2670,Andrew Ward
2671,Rachel Kim
2672,Pamela Bailey
2673,William Diaz
2674,Stephen Rodriguez
2675,Donna Stewart
2676,Kevin Ortiz
2677,Timothy Ortiz
2678,Anthony Hughes
2679,Anthony Ward
2680,Linda Wilson
2681,Pamela Watson
2682,Shirley Lopez
2683,Kathleen Ruiz
2684,Jason Cox
2685,Shirley Kelly
2686,Helen Rivera
2687,Larry Murphy
2688,Eric Watson
2689,Lisa Ward
2690,Matthew Smith
2691,Jessica Clark
2692,Brandon Turner
2693,Kevin Hall
2694,Brenda Brooks
2695,Margaret Johnson
2696,Samantha Sanchez
2697,Alexander Torres
2698,Steven Rodriguez
2699,Michelle Hill
2700,Nicholas Peterson
2701,Carol Smith
2702,Kevin Baker
2703,Ronald Reed
2704,Brandon Brown
2705,Jacob Jones
2706,Samuel Moore
2707,Jonathan Nelson
2708,Cynthia Evans
2709,Linda Gutierrez
2710,Brenda Morgan
2711,Pamela Mendoza
2712,Emily Brown
2713,Benjamin Morgan
2714,Nicole Roberts
2715,Lisa Kim
2716,Joseph Flores
2717,Kenneth Jones
2718,Donald Mitchell
2719,Laura Hill
2720,Margaret Ortiz
2721,Joshua Thompson
2722,Joseph Mitchell
2723,Barbara Cruz
2724,Nicholas Brown
2725,Kathleen Cook
2726,Karen Harris
2727,Amanda Morris
2728,Anthony Jones
2729,Ryan Roberts
2730,Eric Anderson
2731,James Flores
2732,Jennifer Mendoza
2733,Scott Lopez
2734,Kevin Reyes
2735,Jennifer Wilson
2736,Michelle Williams
2737,Pamela Flores
2738,Samantha Clark
2739,Emily Morgan
2740,Paul Martin
2741,Joseph Johnson
2742,Angela Wilson
2743,Brian Peterson
2744,Kenneth Wright
2745,Pamela Young
2746,Michelle Ward
2747,Amanda Cooper
2748,Thomas Brown
2749,Jacob Gray
2750,Barbara Diaz
2751,Ronald Thompson
2752,Benjamin Ruiz
2753,Michelle Nelson
2754,Betty Bennett
2755,Jonathan Hernandez
2756,Cynthia Reed
2757,Rachel Reyes
2758,Richard Collins
2759,Michelle Mendoza
2760,Samuel Reyes
2761,Jacob Robinson
2762,Lisa Hughes
2763,Gary Brown
2764,Nancy Torres
2765,Brian Cox
2766,Pamela Taylor
2767,Dorothy Wilson
2768,Carol Bailey
2769,Joshua Morgan
2770,Cynthia Phillips
2771,Emma Evans
2772,Donald Richardson
2773,Christopher Morris
2774,Stephanie Rodriguez
2775,Alexander Ramos
2776,Sharon Parker
2777,Larry Baker
2778,Gregory Bennett
2779,Emma Kim
2780,Cynthia Adams
2781,Brenda Gonzalez
2782,Jeffrey Thompson
2783,Michelle Phillips
2784,William Kim
2785,Susan Mendoza
2786,Carol Murphy
2787,Samuel James
2788,Justin Brooks
2789,James Jackson
2790,Gregory Martin
2791,Donna Roberts
2792,Laura Sanchez
2793,Kenneth Hill
2794,Joshua Parker
2795,Justin Johnson
2796,Brandon Rogers
2797,Dorothy Taylor
2798,Donna Davis
2799,Brenda Rivera
2800,Joseph Torres
2801,Sharon Hughes
2802,Emma Gomez
2803,Benjamin Green
2804,Matthew Bailey
2805,Stephanie Campbell
2806,Andrew Bennett
2807,Thomas Moore
2808,Mary Martinez
2809,Samuel Williams
2810,Charles Morales
2811,Sarah Hernandez
2812,Jason Richardson
2813,Lisa Collins
2814,Angela Diaz
2815,Stephen Edwards
2816,Stephanie Rivera
2817,Amy Walker
2818,Timothy Cooper
2819,Pamela Campbell
2820,Robert Jones
2821,Larry Morris
2822,Alexander Hernandez
2823,Charles Ortiz
2824,Emily Reyes
2825,Eric Hernandez
2826,Samantha Cooper
2827,Justin Flores
2828,Amanda Morgan
2829,Ryan Rogers
2830,Kevin Turner
2831,Melissa Nguyen
2832,Donna Perez
2833,Scott Hill
2834,Larry King
2835,Jacob Howard
2836,Donna Richardson
2837,Patricia Torres
2838,Gary Hernandez
2839,Thomas Cook
2840,Elizabeth Scott
2841,Steven Taylor
2842,Brandon Scott
2843,Emily Allen
2844,Nicole Thompson
2845,Emma Martin
2846,Gregory Edwards
2847,Deborah Thompson
2848,Kimberly Hughes
2849,Donald Morales
2850,Lisa Ortiz
2851,Robert Baker
2852,David Jackson
2853,Gregory Cruz
2854,Samantha Perez
2855,Samuel King
2856,Dorothy Stewart
2857,Joshua Stewart
2858,Kimberly Jackson
2859,Shirley Parker
2860,Mary Torres
2861,Shirley Mendoza
2862,Melissa Parker
2863,Paul Wright
2864,Katherine Howard
2865,Ronald Reyes
2866,Alexander White
2867,Mary Evans
2868,Richard Ortiz
2869,Laura Hall
2870,Mark Torres
2871,Robert Brown
2872,Helen Lopez
2873,Gregory Ramirez
2874,Jessica Thomas
2875,Barbara Cox
2876,Joseph Hughes
2877,Lisa Allen
2878,Donna Reyes
2879,Gregory Martinez
2880,Alexander Bennett
2881,Carol Allen
2882,Kevin Davis
2883,Kimberly King
2884,William Morales
2885,Betty Ward
2886,Susan Jackson
2887,Anna Parker
2888,Samuel Wilson
2889,Jeffrey King
2890,Susan Jones
2891,Elizabeth Martinez
2892,Amy Martin
2893,Katherine Brooks
2894,Christine Roberts
2895,Rachel Nelson
2896,Ronald Kelly
2897,James Rogers
2898,Sharon Phillips
2899,William Cooper
2900,Stephanie Ruiz
2901,Kathleen Thomas
2902,Larry Morgan
2903,Melissa Nelson
2904,Dorothy Davis
2905,Barbara Campbell
2906,David Collins
2907,Matthew Hill
2908,Rachel Roberts
2909,Alexander Rivera
2910,Benjamin Cruz
2911,Matthew Moore
2912,Robert Harris
2913,Patricia Ramos
2914,Anna Chavez
2915,John Jones
2916,Amanda Davis
2917,Amanda Garcia
2918,Margaret Wood
2919,Christine Gutierrez
2920,Ryan Gray
2921,Justin Robinson
2922,Elizabeth Jones
2923,Jacob Richardson
2924,Rachel Wood
2925,Michael Flores
2926,Emma Rodriguez
2927,Susan Anderson
2928,William Sanchez
2929,Jennifer Ramos
2930,Daniel Nelson
2931,William Thomas
2932,Emily Jackson
2933,Rebecca Perez
2934,Stephen Perez
2935,Jeffrey Young
2936,Sarah Gonzalez
2937,Benjamin Ward
2938,Edward Lee
2939,John Morales
2940,David Smith
2941,James Thompson
2942,Emma Torres
2943,Rebecca Ruiz
2944,Thomas Clark
2945,Charles Brooks
2946,Paul Gutierrez
2947,Laura Evans
2948,Brandon Ruiz
2949,Brian Turner
2950,James Bailey
2951,Jessica Ortiz
2952,Richard Richardson
2953,Gregory Clark
2954,Karen Mendoza
2955,Daniel Lee
2956,Christine Garcia
2957,Michael Chavez
2958,George Torres
2959,Anthony Parker
2960,Steven Nelson
2961,Brandon Collins
2962,Patricia Morales
2963,Elizabeth Walker
2964,Jeffrey Ramos
2965,Justin Adams
2966,Rebecca Sanchez
2967,Frank Adams
2968,Sandra Anderson
2969,Carol Robinson
2970,Timothy Sanchez
2971,Justin Morales
2972,Michael Parker
2973,Charles Ramirez
2974,Daniel Roberts
2975,Deborah Moore
2976,Benjamin Rivera
2977,Paul Sanchez
2978,Emily Moore
2979,Nancy Baker
2980,Nicole Lee
2981,Samantha Ward
2982,Barbara Evans
2983,Margaret Ramos
2984,Jacob Reyes
2985,Jason Young
2986,Karen Kelly
2987,James Turner
2988,Robert Diaz
2989,Shirley Gomez
2990,Kathleen Hughes
2991,Mary Ruiz
2992,Timothy Ramirez
2993,Thomas Rivera
2994,Donna Walker
2995,John Morris
2996,Pamela Howard
2997,Cynthia Moore
2998,Dorothy White
2999,Deborah Watson
3000,Alexander Nelson
3001,Donna Diaz
3002,Brandon Cooper
3003,Pamela Clark
3004,Debra Hernandez
3005,Helen Nelson
3006,Linda Rogers
3007,Frank Campbell
3008,Cynthia Richardson
3009,Jennifer Campbell
3010,George Thompson
3011,Anthony Moore
3012,Anna Anderson
3013,Katherine Morris
3014,Anthony Lewis
3015,Carol Rivera
3016,Debra Diaz
3017,William Mitchell
3018,Gary Cook
3019,Shirley Thomas
3020,Donna Edwards
3021,Helen Mitchell
3022,Frank Ruiz
3023,Elizabeth Wilson
3024,Charles Murphy
3025,John Nguyen
3026,Jacob Hall
3027,Donna Harris
3028,William Williams
3029,Timothy Howard
3030,Amanda Wood
3031,Gary Ramos
3032,Shirley Peterson
3033,Jeffrey Collins
3034,Thomas Flores
3035,Michael Jackson
3036,Melissa Torres
3037,Ryan Perez
3038,Helen Lee
3039,Donald Anderson
3040,Robert Bennett
3041,Kenneth Hall
3042,Charles Mitchell
3043,Laura Cooper
3044,Christopher Morgan
3045,Anna Cook
3046,Kevin Chavez
3047,Donna Kelly
3048,Christine Jackson
3049,Larry Cruz
3050,Amanda Ruiz
3051,Jennifer Moore
3052,Frank Peterson
3053,Laura Rivera
3054,Barbara Adams
3055,Linda Cox
3056,Samuel Harris
3057,Justin Ortiz
3058,Mark Scott
3059,David Morgan
3060,Laura Gray
3061,Angela Gomez
3062,Matthew Morales
3063,Kenneth Cox
3064,Linda Bennett
3065,Charles Diaz
3066,Deborah Roberts
3067,Deborah Johnson
3068,Andrew Hall
3069,Barbara Ramirez
3070,Jeffrey Torres
3071,Christopher Diaz
3072,Rebecca Moore
3073,Barbara Jackson
3074,Emma Carter
3075,Paul Turner
3076,Lisa Carter
3077,Joshua Murphy
3078,James Martin
3079,Kimberly Hill
3080,Samantha Brooks
3081,Jacob Thomas
3082,Katherine Bennett
3083,Andrew Turner
3084,Alexander Chavez
3085,Ashley Brown
3086,Jessica Scott
3087,Amy Rodriguez
3088,Scott Campbell
3089,Kimberly Watson
3090,Alexander Thomas
3091,Pamela Williams
3092,Justin Davis
3093,Cynthia Ruiz
3094,Sarah Rivera
3095,Paul Campbell
3096,Matthew Watson
3097,Lisa Gonzalez
3098,Scott Perez
3099,Anna Adams
3100,Joshua Wright
3101,Debra Hughes
3102,Richard Morgan
3103,Justin Rivera
3104,Charles Johnson
3105,Andrew Mitchell
3106,Gary Evans
3107,Susan Ramirez
3108,Karen Cook
3109,Mark Harris
3110,Brenda Ward
3111,Alexander Ortiz
3112,Elizabeth Anderson
3113,Thomas Williams
3114,George Moore
3115,Jeffrey Kim
3116,Eric Baker
3117,Patricia Thomas
3118,Alexander Jackson
3119,Alexander Robinson
3120,Anthony Taylor
3121,Kathleen Parker
3122,Gregory Rogers
3123,Emma Davis
3124,William Hill
3125,Christine Johnson
3126,Richard Thomas
3127,Emily Howard
3128,Brandon Walker
3129,Nicholas Reed
3130,William Gonzalez
3131,Shirley Ramirez
3132,James Gonzalez
3133,Lisa Cruz
3134,Frank Wilson
3135,Lisa Rivera
3136,Edward Diaz
3137,Joseph Green
3138,Joseph Gutierrez
3139,Sarah Murphy
3140,Brenda Garcia
3141,David Adams
3142,Ryan Kim
3143,Jeffrey Lewis
3144,Gary Gray
3145,Susan Gomez
3146,David Thomas
3147,Charles Gomez
3148,Dorothy Ruiz
3149,Emma Wilson
3150,Nancy Rodriguez
3151,Amanda Sanchez
3152,Scott Phillips
3153,Jason Murphy
3154,Emma Wright
3155,Samuel Phillips
3156,Melissa Stewart
3157,Christine Cox
3158,Charles Collins
3159,Steven Morales
3160,Amy Robinson
3161,Benjamin Moore
3162,Patricia Gonzalez
3163,Michael Rodriguez
3164,Amy Gray
3165,Edward Cox
3166,Karen Hill
3167,Helen Richardson
3168,Richard Martinez
3169,Betty Nguyen
3170,Anna Williams
3171,Robert Parker
3172,Jessica Roberts
3173,Edward Cruz
3174,Gary Parker
3175,Sarah Flores
3176,Frank Morales
3177,Gregory Peterson
3178,Debra Cooper
3179,Kimberly Murphy
3180,George Hall
3181,Benjamin Baker
3182,Brian Davis
3183,Ashley Walker
3184,Samuel Flores
3185,Michelle Anderson
3186,Amanda Perez
3187,John Morgan
3188,Carol Jones
3189,Ryan James
3190,Angela Turner
3191,Paul Williams
3192,Rachel Stewart
3193,Emma Williams
3194,Kenneth Carter
3195,Carol Kelly
3196,Richard Morales
3197,Amanda Murphy
3198,Nicholas Bennett
3199,George Parker
3200,Betty Murphy
3201,Samantha Martinez
3202,Andrew King
3203,Michael Hill
3204,Mark Richardson
3205,Barbara Howard
3206,Richard Ramos
3207,Amanda Wright
3208,William Reed
3209,Shirley Stewart
3210,Jason Clark
3211,Brian Martinez
3212,Nicholas Hill
3213,Sharon James
3214,Anna Green
3215,Betty Turner
3216,Dorothy Allen
3217,Helen Rogers
3218,Ryan Bennett
3219,Stephen White
3220,John Watson
3221,Eric White
3222,Pamela Murphy
3223,Margaret James
3224,Cynthia Wright
3225,Cynthia Jackson
3226,Donald Martin
3227,Sharon Evans
3228,Timothy Wright
3229,Andrew Chavez
3230,Christopher Allen
3231,Donald Phillips
3232,Gary Bailey
3233,Sharon Diaz
3234,Samuel Jones
3235,Betty Lee
3236,Paul Moore
3237,Patricia King
3238,Emily James
3239,Stephen Thompson
3240,Samuel Garcia
3241,Linda Hernandez
3242,Joshua Rodriguez
3243,Christine James
3244,Sarah Walker
3245,Nicholas Thomas
3246,Eric Bennett
3247,Steven Murphy
3248,Scott Thomas
3249,Kenneth Nelson
3250,Justin Roberts
3251,Donald Diaz
3252,Margaret Jackson
3253,Margaret Scott
3254,Jeffrey Evans
3255,Steven Ramos
3256,Linda Morales
3257,Jonathan Mitchell
3258,Kenneth Cooper
3259,Jason Stewart
3260,George Stewart
3261,John Chavez
3262,Gregory Miller
3263,Donald Allen
3264,Stephen Roberts
3265,Michelle Brooks
3266,Rachel Campbell
3267,Debra Thomas
3268,Jonathan Walker
3269,Jeffrey Roberts
3270,Mary Gomez
3271,Steven Hill
3272,Joshua Clark
3273,David Morales
3274,Jacob Evans
3275,Kevin Diaz
3276,Richard Lee
3277,Nicholas Rodriguez
3278,Melissa Turner
3279,Nicole Peterson
3280,Samuel White
3281,James Phillips
3282,Michelle Green
3283,Pamela Hernandez
3284,Katherine Taylor
3285,Scott Mendoza
3286,Timothy Green
3287,Laura Morris
3288,Daniel Mendoza
3289,Ronald Carter
3290,Pamela Lewis
3291,John Williams
3292,Brandon Watson
3293,Cynthia Sanchez
3294,Dorothy Richardson
3295,Nancy Reed
3296,Amy Thomas
3297,Mark Clark
3298,Matthew Wright
3299,Andrew Murphy
3300,Edward Taylor
3301,Sharon Clark
3302,Scott Ramirez
3303,Matthew Turner
3304,Lisa Evans
3305,Deborah Howard
3306,Ryan Hernandez
3307,Debra Ramirez
3308,Stephanie Diaz
3309,Scott Allen
3310,Elizabeth Gonzalez
3311,Michael Nelson
3312,Donald Stewart
3313,Melissa Cox
3314,Christine Kim
3315,Jennifer Smith
3316,Steven Cook
3317,Joshua Gomez
3318,Christine Mitchell
3319,Thomas Bailey
3320,Jennifer Howard
3321,Daniel King
3322,Nancy Cook
3323,Amy Baker
3324,Cynthia Taylor
3325,Barbara Green
3326,Charles King
3327,Amy Scott
3328,Eric Green
3329,Sharon Perez
3330,Gregory Brooks
3331,Michael Robinson
3332,Lisa Jones
3333,Christopher Reyes
3334,Amy Garcia
3335,Brenda Morales
3336,Ryan Murphy
3337,Joseph Jackson
3338,Barbara Clark
3339,Andrew White
3340,James Ortiz
3341,Pamela White
3342,Rebecca Martinez
3343,Ashley Murphy
3344,Frank Gonzalez
3345,Andrew Mendoza
3346,Carol Martin
3347,Kathleen Collins
3348,Scott James
3349,Jennifer Wood
3350,Thomas Ramirez
3351,Andrew Adams
3352,Stephen Cox
3353,Edward Lopez
3354,Dorothy Lopez
3355,Christopher Roberts
3356,Dorothy Torres
3357,Samuel Wood
3358,Karen Thomas
3359,Sharon Flores
3360,Debra Cox
3361,Betty Morales
3362,Laura Roberts
3363,Larry Kim
3364,Jason Lopez
3365,Jason Mitchell
3366,Brandon White
3367,Sharon Watson
3368,Jennifer Rogers
3369,Amanda Reyes
3370,Frank Lewis
3371,Samuel Mendoza
3372,Shirley Watson
3373,Samuel Ortiz
3374,David Nguyen
3375,Cynthia Parker
3376,David Morris
3377,Joshua Martin
3378,Thomas Mendoza
3379,Joshua Young
3380,Eric Diaz
3381,Timothy Gonzalez
3382,Cynthia James
3383,Larry Allen
3384,Melissa Allen
3385,Justin Hernandez
3386,Nicholas Williams
3387,Joseph James
3388,Cynthia Thompson
3389,Lisa Gomez
3390,Jennifer Hernandez
3391,Rebecca Hill
3392,Kenneth Ramos
3393,Laura Richardson
3394,Lisa Ramirez
3395,Sharon Morgan
3396,John Smith
3397,Ronald Anderson
3398,Mary Perez
3399,Ryan Ruiz
3400,Nicole Morales
3401,Brandon Campbell
3402,Alexander Gray
3403,Ronald Hill
3404,Barbara Taylor
3405,Sarah Johnson
3406,John Hughes
3407,Matthew Brown
3408,Anthony Morris
3409,Katherine Jackson
3410,Katherine Walker
3411,Jonathan Harris
3412,Barbara Hill
3413,Jacob Diaz
3414,Nancy Martin
3415,Rachel Cruz
3416,Gary Stewart
3417,John Edwards
3418,Larry Gomez
3419,Mary Wilson
3420,Benjamin Parker
3421,Robert Morales
3422,Linda Ortiz
3423,John Diaz
3424,Paul Chavez
3425,Rebecca Stewart
3426,Joseph Murphy
3427,Helen Chavez
3428,John Lee
3429,Emma Mendoza
3430,Gregory Reyes
3431,Thomas Nguyen
3432,Anthony Torres
3433,Christine Morris
3434,Richard Turner
3435,Amy Hill
3436,Brenda Miller
3437,John Rivera
3438,Kimberly Rivera
3439,Frank Lee
3440,Robert Rodriguez
3441,Joseph Richardson
3442,Sandra Thomas
3443,Gary King
3444,Alexander Rogers
3445,Nicole Bennett
3446,Susan Miller
3447,Brandon Ward
3448,Jennifer Cook
3449,Susan Perez
3450,Benjamin Thomas
3451,Anthony Campbell
3452,Christopher Nguyen
3453,Jeffrey Cook
3454,Amy Gonzalez
3455,Karen Chavez
3456,George Nelson
3457,Betty Cruz
3458,Rebecca Smith
3459,Amanda Torres
3460,Nicholas Perez
3461,George Watson
3462,Karen Ortiz
3463,Rebecca Robinson
3464,Timothy Evans
3465,Debra Campbell
3466,Patricia Cruz
3467,David Baker
3468,Pamela Davis
3469,Benjamin James
3470,Eric Nguyen
3471,Mary Scott
3472,Shirley Ward
3473,Charles Hughes
3474,Dorothy Edwards
3475,Samuel Clark
3476,Anna Richardson
3477,Helen Wood
3478,Jeffrey Hughes
3479,Brian Wood
3480,Dorothy Sanchez
3481,Thomas Gutierrez
3482,Margaret Lopez
3483,Angela Peterson
3484,Michelle Gutierrez
3485,Amanda Brooks
3486,Christopher Williams
3487,Patricia Cooper
3488,Emma King
3489,Donald Hill
3490,Jason Cook
3491,Benjamin Cook
3492,Melissa Thomas
3493,Joshua Kelly
3494,James Collins
3495,Amanda Walker
3496,Justin Reed
3497,Benjamin Bennett
3498,Sandra Hall
3499,Carol Gutierrez
3500,Justin Harris
3501,George Collins
3502,Richard Jackson
3503,Jason Evans
3504,Linda Diaz
3505,Thomas Stewart
3506,Elizabeth Mitchell
3507,Dorothy Ramos
3508,Brenda Gutierrez
3509,Ronald King
3510,Justin Murphy
3511,Jeffrey Ruiz
3512,Christopher Jackson
3513,Nicholas Taylor
3514,Alexander Ramirez
3515,Ryan Stewart
3516,Robert Lee
3517,Brenda Mitchell
3518,Jessica Cox
3519,Jessica Mitchell
3520,Pamela Nguyen
3521,Jennifer Gutierrez
3522,Deborah Hill
3523,Donna Morales
3524,Patricia Jackson
3525,Charles Ramos
3526,Michelle Torres
3527,Margaret White
3528,Gary Smith
3529,Jessica Peterson
3530,Jennifer Turner
3531,Michelle Reed
3532,Laura Baker
3533,Edward Stewart
3534,Nicole Taylor
3535,Sarah Cook
3536,Laura Bennett
3537,Laura Martin
3538,Carol Lopez
3539,Helen Bennett
3540,Helen Evans
3541,Ronald Baker
3542,Christine Cruz
3543,Emily Chavez
3544,Barbara Perez
3545,Patricia Kelly
3546,Benjamin Flores
3547,Jessica Chavez
3548,Brenda Hernandez
3549,Matthew Richardson
3550,Anna Kelly
3551,Michael Reed
3552,Gregory Morgan
3553,Emily Clark
3554,Ashley Howard
3555,Jonathan Cox
3556,Carol Phillips
3557,Emma Garcia
3558,Lisa Turner
3559,Patricia Ortiz
3560,Steven Lopez
3561,Anna Perez
3562,Andrew Jackson
3563,Barbara Martin
3564,Michelle Evans
3565,Frank Perez
3566,Carol White
3567,Patricia Davis
3568,Charles Evans
3569,Carol King
3570,Michael Sanchez
3571,Donald Kim
3572,Emma Walker
3573,Joseph Wright
3574,Cynthia Peterson
3575,Timothy Rodriguez
3576,Kathleen Brown
3577,Sandra Williams
3578,Emma Gray
3579,Brenda Wood
3580,Thomas Hill
3581,Larry Evans
3582,Laura Hernandez
3583,Anthony Jackson
3584,Brenda Edwards
3585,Nancy Smith
3586,Paul Kim
3587,Steven Mendoza
3588,Justin Rogers
3589,Andrew Garcia
3590,Larry Rodriguez
3591,Brenda Scott
3592,Paul Young
3593,Gregory Adams
3594,Kevin Williams
3595,Alexander Moore
3596,Samuel Smith
3597,Frank Thompson
3598,Timothy Bailey
3599,Ronald Morgan
3600,Frank Thomas
3601,Melissa Carter
3602,Scott Rivera
3603,Stephanie Thompson
3604,Rachel Johnson
3605,Deborah Harris
3606,Mark Williams
3607,Barbara Ward
3608,Mark Robinson
3609,Amy Campbell
3610,Amy Cox
3611,Anthony Smith
3612,Emily Reed
3613,Nicholas Murphy
3614,Nancy Peterson
3615,Matthew James
3616,Larry Thompson
3617,William Ramos
3618,Thomas Rodriguez
3619,Larry Robinson
3620,Eric Scott
3621,Matthew Gray
3622,John Ruiz
3623,Debra Bailey
3624,Jason Chavez
3625,Michael Adams
3626,Emily Thomas
3627,Debra Gutierrez
3628,George Gutierrez
3629,Michael Scott
3630,James Gomez
3631,Matthew Nelson
3632,David Kelly
3633,Patricia Lewis
3634,Alexander Diaz
3635,Elizabeth Young
3636,Betty Perez
3637,Kevin Flores
3638,William Watson
3639,Patricia Morris
3640,Sharon Brown
3641,Emma Watson
3642,Kevin Allen
3643,Amanda Miller
3644,Kevin Gutierrez
3645,Donald Martinez
3646,Scott Richardson
3647,Benjamin Edwards
3648,David Davis
3649,Kenneth Ruiz
3650,William Taylor
3651,Linda Cruz
3652,Linda Hill
3653,Timothy Robinson
3654,Helen Johnson
3655,Cynthia Diaz
3656,Eric Nelson
3657,Emma Harris
3658,Mary Kim
3659,Matthew Kelly
3660,Angela Allen
3661,Kathleen Richardson
3662,Ashley Moore
3663,Angela Wood
3664,Charles Jackson
3665,Jacob Flores
3666,Nicole Baker
3667,Mary Gutierrez
3668,Frank Jackson
3669,Linda Walker
3670,Michael Diaz
3671,Brian Sanchez
3672,Betty Rodriguez
3673,Amanda Harris
3674,Christine Stewart
3675,Alexander Ruiz
3676,Cynthia Kim
3677,Kevin Lee
3678,Susan Collins
3679,Jennifer Murphy
3680,Samantha Lewis
3681,Margaret Walker
3682,Kathleen Nelson
3683,Edward Clark
3684,James Campbell
3685,Melissa Brown
3686,Brenda Anderson
3687,Jeffrey Harris
3688,Benjamin Howard
3689,Patricia Sanchez
3690,Amanda Peterson
3691,Ashley Thompson
3692,Richard Williams
3693,Edward Wood
3694,Joseph Baker
3695,Anthony Flores
3696,Gregory Perez
3697,Jessica Jackson
3698,Matthew Morgan
3699,Edward Ruiz
3700,Deborah Green
3701,Scott Diaz
3702,Samantha Young
3703,Jennifer Ward
3704,Jonathan Nguyen
3705,Ashley Miller
3706,Benjamin Scott
3707,Anthony Hernandez
3708,Jacob James
3709,Brandon Rodriguez
3710,Stephanie Chavez
3711,Angela Mitchell
3712,Shirley Ruiz
3713,Kathleen Murphy
3714,Betty Edwards
3715,Donald Gomez
3716,Margaret Flores
3717,Jason Carter
3718,Deborah Allen
3719,Stephen Hernandez
3720,Donna Cruz
3721,Eric Rivera
3722,Sandra Howard
3723,Jennifer Reyes
3724,Angela Richardson
3725,Amanda Diaz
3726,Laura Reyes
3727,Deborah Murphy
3728,Edward Brown
3729,Melissa Hernandez
3730,Donna Cook
3731,Angela Cooper
3732,Emily Robinson
3733,Robert Cooper
3734,Betty Gray
3735,Anna King
3736,Mary Hill
3737,Dorothy Phillips
3738,Justin Wood
3739,Katherine Rogers
3740,Karen Gomez
3741,Sandra Robinson
3742,Anthony Stewart
3743,Cynthia Reyes
3744,Kenneth Harris
3745,Rebecca Clark
3746,Jeffrey Edwards
3747,Brenda Brown
3748,Michelle Johnson
3749,Amy James
3750,Melissa Baker
3751,Mark Turner
3752,Jason Mendoza
3753,Jonathan Hill
3754,Carol Ramos
3755,John Reed
3756,Robert Moore
3757,Karen Nelson
3758,Ronald Rodriguez
3759,Matthew Stewart
3760,Susan Nelson
3761,Larry Edwards
3762,Anthony Robinson
3763,Donna James
3764,Ryan Davis
3765,Joseph Taylor
3766,Jonathan Turner
3767,Kathleen Rodriguez
3768,Stephanie Clark
3769,Michelle Parker
3770,Christopher Cox
3771,Nicholas Mendoza
3772,Ryan Scott
3773,Charles Edwards
3774,William Phillips
3775,Nicole Young
3776,Shirley Nelson
3777,Larry Morales
3778,Ryan Reyes
3779,Pamela Garcia
3780,Barbara Torres
3781,Samuel Collins
3782,Brian Hughes
3783,Brandon Thompson
3784,Daniel Richardson
3785,Sharon Collins
3786,Jennifer Walker
3787,Donna Bennett
3788,William Hughes
3789,Nancy Allen
3790,Anthony Cook
3791,Patricia Martinez
3792,Samantha Ruiz
3793,Frank Reyes
3794,Edward Baker
3795,Dorothy Harris
3796,Ronald Jones
3797,Mary Allen
3798,Joseph Moore
3799,Carol Bennett
3800,Cynthia Morales
3801,Cynthia Rodriguez
3802,David Peterson
3803,Jacob Scott
3804,Christopher Perez
3805,John Cox
3806,Donna Thomas
3807,Frank Wright
3808,Karen Cruz
3809,Margaret Jones
3810,Margaret Cruz
3811,Rachel Miller
3812,Samantha Gutierrez
3813,James Miller
3814,Edward Sanchez
3815,Donald Sanchez
3816,Barbara Williams
3817,Rebecca Brown
3818,Matthew Mendoza
3819,Mark Gonzalez
3820,Christine Perez
3821,Nancy Garcia
3822,Rebecca Rogers
3823,Susan Adams
3824,Benjamin Harris
3825,Helen Clark
3826,Anna Gomez
3827,Jason Thomas
3828,Carol Thompson
3829,Mary Phillips
3830,Katherine Green
3831,Mary Roberts
3832,Margaret Collins
3833,Mark Rodriguez
3834,Gregory Scott
3835,Katherine Richardson
3836,Deborah Garcia
3837,William Ramirez
3838,Scott Murphy
3839,Scott Adams
3840,Benjamin Hughes
3841,Kevin Thompson
3842,Nicole Howard
3843,Sandra Cook
3844,Emma Johnson
3845,Michelle Walker
3846,Helen Hernandez
3847,Anthony Chavez
3848,Robert Walker
3849,Scott Cruz
3850,Emily Green
3851,Samuel Torres
3852,Patricia Robinson
3853,Ashley Clark
3854,Mark Cox
3855,James Rodriguez
3856,Barbara Thompson
3857,Anthony Walker
3858,Nicholas Hernandez
3859,Betty Young
3860,Paul Morris
3861,David Campbell
3862,Nancy Stewart
3863,Jeffrey Diaz
3864,Sharon Martin
3865,Kathleen Williams
3866,David Hill
3867,Daniel Allen
3868,Michelle Collins
3869,Andrew Carter
3870,Brenda Cox
3871,Kathleen Martinez
3872,Jacob Sanchez
3873,Nicholas Mitchell
3874,Gary Phillips
3875,Rebecca Gomez
3876,Gary Flores
3877,Samuel Ramos
3878,Elizabeth Evans
3879,Robert Thomas
3880,Stephanie Reed
3881,Sharon Allen
3882,Brian Rogers
3883,Rachel Davis
3884,Ashley Morris
3885,Patricia Hughes
3886,Christine Chavez
3887,Nicole Collins
3888,Debra Jackson
3889,Stephanie Gomez
3890,Jason Allen
3891,Nicholas Morgan
3892,Emma Flores
3893,Pamela Hall
3894,Charles Wright
3895,James Perez
3896,Katherine Torres
3897,Lisa Cook
3898,Linda White
3899,Matthew King
3900,Emily Rodriguez
3901,Justin Walker
3902,Kathleen Morales
3903,Mary Davis
3904,Paul Smith
3905,Christine Howard
3906,Nicole Gutierrez
3907,Paul Morales
3908,Jacob Baker
3909,Nicole Diaz
3910,Amanda Mitchell
3911,Debra Baker
3912,George Bennett
3913,Dorothy Carter
3914,Brandon Davis
3915,Ryan Hughes
3916,Dorothy Moore
3917,Emily Hughes
3918,Jacob Rogers
3919,Timothy James
3920,Samantha Adams
3921,John Brooks
3922,Carol Gray
3923,Dorothy Ward
3924,David Hall
3925,Gregory Hughes
3926,Richard Roberts
3927,Donna Cox
3928,Matthew Jackson
3929,Eric Kelly
3930,Nicholas Jones
3931,Thomas Murphy
3932,Anna Walker
3933,Ashley Ramirez
3934,Rachel Lopez
3935,Patricia Lee
3936,Jessica Bennett
3937,Barbara Ruiz
3938,Kevin Lewis
3939,Pamela Kim
3940,William Chavez
3941,Sharon Robinson
3942,Barbara Baker
3943,Michelle Davis
3944,Emma Morgan
3945,George Gray
3946,Gregory Cox
3947,Mark Murphy
3948,Kenneth Flores
3949,Pamela Morris
3950,Edward Davis
3951,Kevin Martin
3952,John Peterson
3953,Jason Gray
3954,Ronald Gomez
3955,Elizabeth Ortiz
3956,Rachel Harris
3957,Ronald Gonzalez
3958,Thomas Adams
3959,Justin Miller
3960,Kathleen Nguyen
3961,Charles Clark
3962,Margaret Sanchez
3963,Charles Carter
3964,Richard Rivera
3965,Jacob Thompson
3966,Michael Thomas
3967,Amanda Ramos
3968,Benjamin Phillips
3969,Jessica Walker
3970,Joshua Ruiz
3971,Scott Thompson
3972,Gregory Lopez
3973,Benjamin Wood
3974,Jeffrey Mitchell
3975,Mary Thomas
3976,Joseph Hernandez
3977,Jessica Morales
3978,Samuel Bennett
3979,Angela Lewis
3980,Pamela Kelly
3981,Kathleen Scott
3982,Alexander Gonzalez
3983,Emma White
3984,Samuel Hughes
3985,Sharon Hill
3986,Richard Adams
3987,William Morgan
3988,Lisa Phillips
3989,Rachel Williams
3990,Ronald Bailey
3991,Jonathan Ortiz
3992,Eric Howard
3993,Brenda Allen
3994,Robert Hernandez
3995,Joshua Campbell
3996,Jason James
3997,James Young
3998,Pamela Morales
3999,Nicole Morgan
4000,Angela Clark
4001,Gregory Garcia
4002,Donald Jones
4003,Joshua Ramirez
4004,Sarah Cox
4005,Emma Rivera
4006,Emily Taylor
4007,Helen Diaz
4008,Steven King
4009,Steven Gray
4010,Charles Morgan
4011,Anthony Martinez
4012,Samantha Hughes
4013,Deborah Reed
4014,Angela Cox
4015,Christopher Turner
4016,Karen Green
4017,Jonathan Anderson
4018,Kevin Brooks
4019,Kevin Wright
4020,Charles Lewis
4021,Mark Carter
4022,Daniel Ortiz
4023,Michelle Ramos
4024,Gary Gonzalez
4025,Andrew Peterson
4026,Richard Miller
4027,Nancy Green
4028,Stephanie White
4029,Brian Gray
4030,Kathleen Ramos
4031,Angela Martin
4032,Larry Wright
4033,Michael Brooks
4034,Deborah Young
4035,Melissa Reyes
4036,Nicholas Torres
4037,Eric Robinson
4038,Barbara Flores
4039,Barbara Brooks
4040,David Martinez
4041,Donald Lopez
4042,Amy Johnson
4043,Angela Mendoza
4044,Rachel Thomas
4045,Dorothy Johnson
4046,Brandon Harris
4047,Brian Young
4048,Jennifer Cox
4049,Laura Perez
4050,Edward Perez
4051,Ashley Cooper
4052,Jessica Nguyen
4053,Margaret Smith
4054,Benjamin Reed
4055,Angela Jones
4056,Melissa Smith
4057,James Hall
4058,Karen James
4059,Steven Lewis
4060,Jacob Gomez
4061,George Diaz
4062,Paul Wilson
4063,Jeffrey Lee
4064,Melissa Sanchez
4065,Joseph Harris
4066,Christine Sanchez
4067,Kathleen Bennett
4068,Rebecca Morales
4069,Stephen Murphy
4070,Debra Taylor
4071,Thomas Anderson
4072,Thomas Martin
4073,Brian Cook
4074,Andrew Morales
4075,Karen Rogers
4076,Lisa Young
4077,Emily Anderson
4078,Jacob Wilson
4079,Rachel Cook
4080,Matthew Ramos
4081,Karen Robinson
4082,Dorothy Jones
4083,John Ward
4084,Betty Lopez
4085,Michael Carter
4086,Mark Baker
4087,George Scott
4088,Ashley Green
4089,Michael White
4090,Emily Cox
4091,Gary Campbell
4092,Thomas Nelson
4093,Emma Ortiz
4094,Nicole Mitchell
4095,Donald Wood
4096,Barbara Wilson
4097,Matthew Edwards
4098,Brenda Hall
4099,Kathleen Turner
4100,John Perez
4101,Scott Scott
4102,Alexander Harris
4103,Debra Morgan
4104,Nancy Cruz
4105,Angela Roberts
4106,Brenda Roberts
4107,Dorothy Cox
4108,Paul Clark
4109,Lisa Smith
4110,Angela Collins
4111,Jessica Perez
4112,Mark Garcia
4113,Samuel Young
4114,Joseph Smith
4115,Deborah Adams
4116,Timothy Ward
4117,Mary Rivera
4118,Susan Ruiz
4119,Steven Watson
4120,Samantha Cox
4121,Benjamin Gomez
4122,Sandra Parker
4123,Deborah Jackson
4124,Kathleen Lopez
4125,Amy White
4126,Ryan White
4127,Lisa Chavez
4128,Andrew Williams
4129,Michelle Lee
4130,Charles Martinez
4131,Dorothy Gonzalez
4132,Mary Cox
4133,Stephanie Williams
4134,Charles Watson
4135,Scott Johnson
4136,David Sanchez
4137,Christopher Flores
4138,Karen Young
4139,Linda Cooper
4140,Alexander Wright
4141,Jessica Williams
4142,Rebecca Jackson
4143,James Lewis
4144,Charles Rivera
4145,Stephanie Mendoza
4146,Joseph Morales
4147,Andrew Rivera
4148,Elizabeth Ward
4149,Kevin Thomas
4150,George Hernandez
4151,Karen Thompson
4152,Jason Ortiz
4153,Kevin Kim
4154,Lisa Gray
4155,Jason Martin
4156,Christine Mendoza
4157,Susan Wright
4158,Elizabeth Smith
4159,Karen Wood
4160,Kenneth Murphy
4161,Alexander Evans
4162,Amy Morgan
4163,Alexander Lewis
4164,James Clark
4165,Brenda Stewart
4166,Sarah Anderson
4167,Linda Hall
4168,Charles Peterson
4169,Jessica Hughes
4170,Michael Hughes
4171,Susan James
4172,Justin Martinez
4173,Kathleen Kim
4174,Charles Campbell
4175,Charles Hernandez
4176,Mary Reed
4177,Lisa Stewart
4178,Amanda Cruz
4179,Joseph Martin
4180,Linda Chavez
4181,Robert Cox
4182,Christopher Johnson
4183,Ronald Diaz
4184,Stephen King
4185,Jason Lee
4186,Paul Lopez
4187,Ronald White
4188,Cynthia Morris
4189,Kenneth Wood
4190,Michael Mitchell
4191,Nicole Nelson
4192,Anna Wilson
4193,Michelle Harris
4194,Stephen Sanchez
4195,Samantha Jones
4196,David Reed
4197,Larry Garcia
4198,Kenneth Lopez
4199,Matthew Green
4200,Ronald Rivera
4201,Nicholas Gonzalez
4202,Emma Jones
4203,Cynthia Hernandez
4204,Benjamin Lopez
4205,Debra Wood
4206,Nicholas Gutierrez
4207,Laura Taylor
4208,Sharon Garcia
4209,Debra Roberts
4210,Brandon Cox
4211,Elizabeth Martin
4212,Melissa Lopez
4213,Elizabeth Thompson
4214,Ryan King
4215,Jeffrey Wood
4216,Andrew Phillips
4217,Timothy Richardson
4218,Jeffrey Campbell
4219,David Mendoza
4220,Debra Garcia
4221,Linda Young
4222,Rachel Bailey
4223,Mary Martin
4224,Larry Phillips
4225,Elizabeth Lewis
4226,Stephanie Reyes
4227,Brian Reyes
4228,Cynthia Chavez
4229,Jonathan Reyes
4230,Lisa Wilson
4231,Ronald Parker
4232,Betty Phillips
4233,Kenneth Baker
4234,Margaret Hughes
4235,Margaret Green
4236,Linda Campbell
4237,Sharon Stewart
4238,Margaret Miller
4239,Paul Allen
4240,Joshua Edwards
4241,Rebecca Ortiz
4242,Margaret Bennett
4243,Kimberly White
4244,Betty Hall
4245,Alexander Lee
4246,Melissa Ruiz
4247,Mary Bailey
4248,Scott Sanchez
4249,Justin Ward
4250,Christine Green
4251,Amy Green
4252,Joseph Gray
4253,Eric Smith
4254,Samantha Edwards
4255,Rebecca Hughes
4256,Margaret Hall
4257,Frank Kelly
4258,Mary Mitchell
4259,George Williams
4260,Joshua Flores
4261,Rachel Murphy
4262,Katherine Collins
4263,Melissa Rivera
4264,Joseph Thompson
4265,Ryan Diaz
4266,Stephen Kim
4267,Christopher Cooper
4268,Andrew James
4269,Andrew Hughes
4270,Helen Gonzalez
4271,Timothy Wilson
4272,Amy Richardson
4273,Anna Gonzalez
4274,Samantha Cruz
4275,Nicholas Howard
4276,Betty Stewart
4277,James Mitchell
4278,Mark Cook
4279,Andrew Wright
4280,Michelle Turner
4281,Patricia Martin
4282,Scott Green
4283,Kevin Perez
4284,Pamela Parker
4285,Ronald Harris
4286,Brandon Chavez
4287,Ronald Miller
4288,Dorothy Green
4289,Eric Lee
4290,Richard Taylor
4291,Kimberly Peterson
4292,Anthony Lopez
4293,Barbara Brown
4294,Sharon Johnson
4295,Karen Brown
4296,Helen Cooper
4297,Thomas Collins
4298,Melissa White
4299,Ashley Carter
4300,Benjamin Williams
4301,Jessica Wilson
4302,Elizabeth Morales
4303,Rebecca Carter
4304,Lisa Hill
4305,Gregory Reed
4306,Kathleen Ward
4307,Scott Cooper
4308,James Lee
4309,Nicole Brown
4310,Eric Rogers
4311,Karen Ramirez
4312,George Anderson
4313,Margaret Brown
4314,Carol Moore
4315,Mark Hernandez
4316,Paul Scott
4317,Kathleen Sanchez
4318,Daniel Sanchez
4319,Anthony Morales
4320,Paul Green
4321,Helen Wilson
4322,Larry Rivera
4323,William Edwards
4324,Nancy Jones
4325,Patricia Anderson
4326,Lisa Adams
4327,Melissa Young
4328,Elizabeth Ramirez
4329,Mary Green
4330,Kevin Ramirez
4331,Brenda Rodriguez
4332,Nicole Ramirez
4333,Christine Martinez
4334,Pamela Chavez
4335,Sharon Green
4336,Kenneth Sanchez
4337,Betty Miller
4338,Jennifer Scott
4339,Nancy Kim
4340,James Reyes
4341,Andrew Taylor
4342,Jennifer Baker
4343,Brenda Green
4344,Amy Ward
4345,Joshua Hughes
4346,Samuel Thomas
4347,Deborah Richardson
4348,Mark Miller
4349,Alexander Parker
4350,Mark Perez
4351,Barbara Harris
4352,Deborah Morgan
4353,James Ruiz
4354,Michael King
4355,Jennifer Anderson
4356,Elizabeth King
4357,Justin Collins
4358,Kenneth Jackson
4359,Justin Evans
4360,Eric Ortiz
4361,Gary Scott
4362,Carol Morris
4363,Mark Lopez
4364,Kimberly Nguyen
4365,David Rivera
4366,Anthony Ruiz
4367,Amy Davis
4368,Cynthia Roberts
4369,Susan Baker
4370,Anthony Ramos
4371,Shirley Rogers
4372,Ryan Wood
4373,Mark Campbell
4374,Stephanie Edwards
4375,Donald Williams
4376,Melissa King
4377,Sharon Ramirez
4378,Angela Nelson
4379,Michael Cruz
4380,Paul Mitchell
4381,Jason Harris
4382,Dorothy Thompson
4383,Joseph Lewis
4384,Paul Walker
4385,Richard Scott
4386,Richard Lewis
4387,Nancy Clark
4388,Andrew Smith
4389,Richard White
4390,Helen Morris
4391,Donald Perez
4392,William Perez
4393,Lisa Nelson
4394,Elizabeth Perez
4395,Frank Johnson
4396,James Morales
4397,Joseph Garcia
4398,Debra Nguyen
4399,Sandra Ortiz
4400,Richard Hill
4401,Gary Hall
4402,Steven Campbell
4403,Melissa Hill
4404,Paul Mendoza
4405,Eric Brooks
4406,Timothy Lewis
4407,Melissa Murphy
4408,Pamela Hughes
4409,Matthew Carter
4410,Samantha Wilson
4411,Emily Watson
4412,Laura Ortiz
4413,Frank Hall
4414,Kevin Gomez
4415,Emma Turner
4416,Emily Flores
4417,Matthew Garcia
4418,Justin Gutierrez
4419,Rachel Baker
4420,Mary Murphy
4421,Karen Gutierrez
4422,Brenda Bennett
4423,Christopher Hill
4424,William Nguyen
4425,Andrew Ramos
4426,Jessica Miller
4427,James Parker
4428,Melissa James
4429,Steven Moore
4430,Brian Torres
4431,Brenda Martin
4432,Barbara Wright
4433,Charles Sanchez
4434,Jacob Rivera
4435,Samantha Roberts
4436,Richard King
4437,Joshua Kim
4438,Michelle Thompson
4439,Justin Moore
4440,Debra Sanchez
4441,Rebecca Peterson
4442,Betty Hill
4443,Michelle Hernandez
4444,Benjamin Reyes
4445,Shirley Cruz
4446,Patricia Turner
4447,Barbara Moore
4448,Donna Miller
4449,Michael Hernandez
4450,Linda Wright
4451,Katherine Wilson
4452,Richard Nguyen
4453,Justin Gray
4454,Rachel Clark
4455,Eric Jackson
4456,Brenda Murphy
4457,Sarah Lewis
4458,Frank Brooks
4459,Helen Ruiz
4460,Betty Anderson
4461,William Smith
4462,Anthony Wilson
4463,Nicholas Cruz
4464,Ronald Davis
4465,Jessica Hill
4466,Dorothy Morris
4467,Lisa Walker
4468,Samantha Williams
4469,Amy Mitchell
4470,Christine Scott
4471,Ronald Roberts
4472,Jason Jackson
4473,Mary Howard
4474,Gregory Richardson
4475,Cynthia Collins
4476,Christopher Rivera
4477,Shirley Roberts
4478,Angela Rodriguez
4479,Daniel Wood
4480,Karen Rivera
4481,Sarah Scott
4482,Nicole James
4483,Nicholas James
4484,Shirley King
4485,Justin Hall
4486,Christopher Robinson
4487,Richard Bennett
4488,Frank Stewart
4489,Rebecca Rodriguez
4490,Steven Anderson
4491,Robert Martinez
4492,Nicole Watson
4493,Carol Wilson
4494,Samantha Kelly
4495,Betty Allen
4496,Frank Torres
4497,Mark Sanchez
4498,Christopher Parker
4499,Patricia Watson
4500,Sarah Smith
4501,Amy Harris
4502,Benjamin Carter
4503,David Taylor
4504,Eric Hill
4505,Anna Nelson
4506,John Lewis
4507,Donna Allen
4508,William Lee
4509,Jonathan Kelly
4510,Donald Gutierrez
4511,Helen Davis
4512,Joseph Howard
4513,Katherine Brown
4514,Rebecca King
4515,Anthony Peterson
4516,Kevin James
4517,Amy Martinez
4518,Rebecca Kim
4519,Brandon Hernandez
4520,Thomas Wright
4521,Robert Murphy
4522,Sharon Morris
4523,Joshua Robinson
4524,John Davis
4525,Debra Williams
4526,Edward Hughes
4527,Thomas Parker
4528,Rachel Diaz
4529,Stephen Moore
4530,Joseph Cruz
4531,Jessica Ward
4532,Deborah Rivera
4533,Sharon Davis
4534,Donald Robinson
4535,Mary Robinson
4536,Timothy Morgan
4537,Mary Young
4538,Linda Taylor
4539,Ashley Nguyen
4540,Elizabeth Allen
4541,Anna Clark
4542,Amy Rivera
4543,Mark Cruz
4544,Shirley Wright
4545,Kenneth Hughes
4546,Emily Hernandez
4547,Anthony Thomas
4548,Amy Jones
4549,Linda Scott
4550,Brandon Roberts
4551,Amy Williams
4552,Jonathan Miller
4553,Gregory Flores
4554,Kimberly Ramos
4555,Jason Kelly
4556,David Young
4557,Amanda Kelly
4558,Katherine Cox
4559,John Cruz
4560,Emily Ward
4561,Stephen Green
4562,William Cruz
4563,Lisa King
4564,Emily King
4565,Amy Taylor
4566,Sandra Watson
4567,Daniel Jackson
4568,Joseph Wood
4569,Robert White
4570,Jeffrey Howard
4571,Kenneth Garcia
4572,Linda King
4573,Frank Rivera
4574,Scott Walker
4575,Brian Wilson
4576,Jeffrey Anderson
4577,Deborah Mendoza
4578,Patricia Adams
4579,Nicole Campbell
4580,Helen Brown
4581,Jennifer Nguyen
4582,Karen Ramos
4583,Patricia Wilson
4584,Kenneth Rogers
4585,Angela Howard
4586,Brian Ramirez
4587,Larry Cook
4588,Stephen Turner
4589,Donna Young
4590,George Robinson
4591,Joseph Ruiz
4592,Donald Cruz
4593,Nicole Robinson
4594,Laura Turner
4595,Sandra Reed
4596,Thomas Morgan
4597,Ashley Evans
4598,Frank Howard
4599,Christine Moore
4600,David Evans
4601,Rebecca Cook
4602,Betty White
4603,Patricia Ruiz
4604,Jason Rivera
4605,Thomas Phillips
4606,Jessica Baker
4607,Nicole Ward
4608,Elizabeth Rivera
4609,Sharon Nguyen
4610,Emma Rogers
4611,David Martin
4612,James Ramos
4613,Emma Mitchell
4614,Ryan Carter
4615,Carol Cruz
4616,Daniel Rogers
4617,Emma Scott
4618,Richard Robinson
4619,Shirley Howard
4620,Jennifer Clark
4621,Richard Hall
4622,Kimberly Cox
4623,Susan Robinson
4624,Angela Perez
4625,Patricia Kim
4626,Jennifer Cooper
4627,Patricia Mitchell
4628,Jessica Cruz
4629,Sharon Murphy
4630,Kimberly Lopez
4631,Christine Anderson
4632,Mark Martinez
4633,Nicholas Nelson
4634,Frank Martinez
4635,Benjamin Jones
4636,Sarah Ramos
4637,Frank Sanchez
4638,Kimberly Stewart
4639,Karen Morales
4640,Barbara Gutierrez
4641,Brandon Clark
4642,Edward Watson
4643,Samantha Hall
4644,Gregory White
4645,Gary Morales
4646,Anna Morris
4647,Laura Adams
4648,Daniel Reyes
4649,Kenneth James
4650,Rachel Gomez
4651,Donald Brown
4652,Donna Wright
4653,Nicholas Ramirez
4654,Brenda Adams
4655,Kimberly Gray
4656,Ronald Cruz
4657,Samantha Garcia
4658,Pamela Perez
4659,Jonathan Clark
4660,Benjamin Anderson
4661,Nicole Cooper
4662,Katherine Miller
4663,Eric Clark
4664,George Morgan
4665,Margaret Peterson
4666,Ashley Johnson
4667,Robert Williams
4668,Shirley Wilson
4669,Nicholas Gomez
4670,Robert Wright
4671,Jessica Carter
4672,Katherine Phillips
4673,Rebecca Williams
4674,Mary Cooper
4675,Nicole Flores
4676,Carol Diaz
4677,Angela Williams
4678,Ryan Sanchez
4679,Jacob Carter
4680,Barbara Lewis
4681,Emily Morris
4682,John Murphy
4683,Laura Lewis
4684,Pamela Brown
4685,Ronald Robinson
4686,Kathleen Reed
4687,Susan Chavez
4688,David Gonzalez
4689,Emma Young
4690,Steven Evans
4691,Timothy Smith
4692,Paul Ruiz
4693,Kathleen Rogers
4694,Eric Thomas
4695,Nancy Sanchez
4696,Amy Perez
4697,Benjamin Ortiz
4698,Eric Adams
4699,Brandon Mitchell
4700,Larry Wood
4701,Nancy Jackson
4702,Donna Gutierrez
4703,Debra Clark
4704,Eric Cox
4705,Steven Stewart
4706,Cynthia Clark
4707,Jacob Johnson
4708,Kenneth Turner
4709,Daniel Martin
4710,Jacob Rodriguez
4711,Betty Ruiz
4712,Helen Reyes
4713,Scott Lee
4714,William Hall
4715,Samantha Bailey
4716,Matthew Scott
4717,Andrew Diaz
4718,Brenda Cooper
4719,Betty Martinez
4720,Emily Thompson
4721,Kimberly Reed
4722,Eric Ramos
4723,Kevin Kelly
4724,Emma Cox
4725,James Robinson
4726,Brandon Jackson
4727,Jacob Smith
4728,Carol Martinez
4729,Michael Moore
4730,Angela Cruz
4731,Jason Bennett
4732,Jacob Adams
4733,Brenda Gomez
4734,David Cox
4735,Margaret Perez
4736,Brenda Cruz
4737,Jessica Bailey
4738,Sharon Wood
4739,Brian Thompson
4740,Cynthia Bennett
4741,Brenda Harris
4742,Daniel Johnson
4743,George Ortiz
4744,Nicole Wright
4745,Kathleen Gomez
4746,Steven Scott
4747,Jacob Cox
4748,Gary Thompson
4749,Jacob Chavez
4750,Thomas Hernandez
4751,Kenneth Gonzalez
4752,Anna Scott
4753,Matthew Wood
4754,Brandon Williams
4755,Emma Campbell
4756,Christine Phillips
4757,Nicholas Jackson
4758,Alexander Cook
4759,Timothy Thompson
4760,Samantha Smith
4761,Larry Reyes
4762,Nancy Johnson
4763,Margaret Brooks
4764,Andrew Thompson
4765,Larry Green
4766,Gary Rivera
4767,Karen Morgan
4768,Larry Clark
4769,Debra Torres
4770,Stephen Wright
4771,Barbara Rogers
4772,Anthony King
4773,Edward James
4774,Carol Hughes
4775,Jacob Nelson
4776,Emma Kelly
4777,Deborah Kim
4778,Christopher Rogers
4779,Nancy Hill
4780,Scott Hughes
4781,Shirley Sanchez
4782,Larry Moore
4783,Kevin Miller
4784,Ryan Gomez
4785,Nancy Collins
4786,James Morris
4787,Christopher Hall
4788,Stephen Mendoza
4789,Margaret Stewart
4790,Thomas Green
4791,Sarah Phillips
4792,Frank Diaz
4793,Jonathan Martinez
4794,Brian Morales
4795,Christine Ramos
4796,George Baker
4797,Nicholas Smith
4798,Margaret Hill
4799,Amanda Roberts
4800,Katherine White
4801,Andrew Flores
4802,Kathleen Jones
4803,Kimberly Turner
4804,Ronald Mendoza
4805,Brian Mendoza
4806,Mary Morales
4807,Jason King
4808,Nicole Edwards
4809,Jonathan Campbell
4810,Jason Morgan
4811,James Baker
4812,Betty Rogers
4813,Sharon Miller
4814,Jennifer Thomas
4815,Frank Nguyen
4816,Paul Thompson
4817,Donna Rivera
4818,Joseph Rivera
4819,Daniel Hernandez
4820,Jonathan Gonzalez
4821,Thomas Jackson
4822,Samantha Murphy
4823,Sharon Scott
4824,Brian Collins
4825,Alexander Richardson
4826,Robert Jackson
4827,Joshua Diaz
4828,Alexander Miller
4829,Deborah Kelly
4830,Jacob Ramirez
4831,Emily Cook
4832,Nicole Phillips
4833,James Evans
4834,Anthony Williams
4835,Rebecca James
4836,Paul Reyes
4837,Mark Lewis
4838,John Adams
4839,Amanda Baker
4840,Jeffrey Martin
4841,Rachel Perez
4842,Frank Roberts
4843,Steven Phillips
4844,Benjamin Morales
4845,David Clark
4846,Shirley Mitchell
4847,Helen Howard
4848,Nancy Richardson
4849,Melissa Reed
4850,Sharon Turner
4851,John Torres
4852,Donald Carter
4853,Jessica Gonzalez
4854,Margaret Anderson
4855,Margaret Turner
4856,Kenneth Campbell
4857,Benjamin Wilson
4858,Kenneth Cook
4859,Ronald Lewis
4860,Dorothy Murphy
4861,Daniel Phillips
4862,Rebecca Turner
4863,Sarah Ward
4864,Helen Cook
4865,Pamela Evans
4866,Benjamin Stewart
4867,Debra Lopez
4868,Stephanie Peterson
4869,Betty Adams
4870,William Brown
4871,Samuel Anderson
4872,Christopher Young
4873,Debra Gray
4874,Timothy Gutierrez
4875,Elizabeth Turner
4876,Samuel Morgan
4877,Kathleen Davis
4878,Justin Anderson
4879,Nancy Campbell
4880,Amanda Jackson
4881,Elizabeth Collins
4882,Gary Young
4883,Jeffrey Nelson
4884,Charles Gutierrez
4885,Mark Mitchell
4886,Larry Campbell
4887,Christopher Reed
4888,Samantha Flores
4889,Karen Ruiz
4890,Nicole Nguyen
4891,Patricia Ramirez
4892,Justin Hill
4893,Charles Howard
4894,Kenneth Gutierrez
4895,Kathleen Carter
4896,Katherine Sanchez
4897,Samantha Johnson
4898,Shirley Robinson
4899,Christine Jones
4900,Dorothy Watson
4901,Laura Reed
4902,Eric Young
4903,Sandra Ruiz
4904,Ryan Thompson
4905,Emily Lopez
4906,Joshua Davis
4907,Elizabeth Sanchez
4908,Richard Cooper
4909,Scott Morales
4910,Jeffrey Chavez
4911,Scott Wright
4912,Nicholas Morris
4913,Angela Torres
4914,Ashley Baker
4915,Emily Gray
4916,Michelle Watson
4917,Amy Lee
4918,Daniel Rodriguez
4919,Sharon Gray
4920,Joshua Gonzalez
4921,Samantha Mendoza
4922,Jonathan White
4923,Michelle Cook
4924,Frank Martin
4925,Nancy Lee
4926,Eric Stewart
4927,Melissa Green
4928,Laura Flores
4929,Ronald Turner
4930,Linda Evans
4931,Sarah Collins
4932,Emily Williams
4933,Margaret Richardson
4934,Emily Wilson
4935,Jacob Garcia
4936,Gregory Roberts
4937,Nicole Ramos
4938,Deborah Cruz
4939,Pamela Cooper
4940,John Moore
4941,Laura Ramirez
4942,Cynthia Robinson
4943,Ryan Campbell
4944,Kevin Sanchez
4945,Frank King
4946,Timothy Diaz
4947,Michael Ortiz
4948,Carol Morgan
4949,Pamela Nelson
4950,Samantha Rodriguez
4951,Barbara Bailey
4952,Joseph Morgan
4953,Barbara Kelly
4954,Cynthia Ward
4955,Pamela Baker
4956,Ryan Ortiz
4957,John Phillips
4958,James Richardson
4959,Karen King
4960,Mark Howard
4961,Jonathan Collins
4962,Richard Brown
4963,William Adams
4964,Kenneth Robinson
4965,Paul Robinson
4966,Patricia Moore
4967,Jeffrey Clark
4968,Christopher Clark
4969,Nicole Rivera
4970,Matthew Clark
4971,George Morris
4972,Steven Rogers
4973,Joseph Collins
4974,Edward Turner
4975,Melissa Campbell
4976,Michelle Rodriguez
4977,John Scott
4978,Jennifer Jackson
4979,Larry Johnson
4980,Robert Davis
4981,Scott Clark
4982,Gregory Nguyen
4983,Rebecca Lee
4984,Karen Bennett
4985,Patricia Murphy
4986,Helen Adams
4987,Patricia Brown
4988,Mary Hall
4989,Joseph Stewart
4990,Jonathan Cruz
4991,Michelle Stewart
4992,Gregory Cooper
4993,Pamela Sanchez
4994,Thomas Lewis
4995,Angela Taylor
4996,Gregory Hernandez
4997,Richard Phillips
4998,Mark Allen
4999,Lisa James
5000,Joshua Nelson
